dispatching_base_number,date,available_vehicles,vehicles_in_trips,Cancellations
B02765,7:15:49 AM,1,4,1
B02617,7:39:26 AM,10,1,5
B02598,7:14:37 AM,3,3,5
B02617,7:02:08 AM,2,3,3
B02598,7:48:03 AM,4,3,5
B02765,7:42:45 AM,4,4,3
B02682,7:06:54 AM,2,6,3
B02512,7:17:19 AM,6,1,4
B02764,7:20:09 AM,1,5,3
B02764,7:31:19 AM,4,2,4
B02765,7:50:45 AM,5,1,3
B02512,7:05:56 AM,6,1,5
B02764,7:06:49 AM,1,6,4
B02512,7:22:10 AM,4,3,3
B02512,7:08:07 AM,1,1,5
B02765,7:33:27 AM,3,4,3
B02764,7:43:02 AM,5,3,4
B02682,7:33:27 AM,2,1,1
B02512,7:42:26 AM,3,3,1
B02617,7:01:43 AM,2,6,1
B02617,7:12:27 AM,2,4,2
B02682,7:06:12 AM,3,1,2
B02617,7:23:33 AM,6,2,1
B02764,7:19:23 AM,4,4,2
B02617,7:33:53 AM,5,3,2
B02617,7:20:30 AM,5,5,5
B02682,7:24:31 AM,3,4,3
B02512,7:28:48 AM,3,3,3
B02617,7:41:23 AM,5,3,1
B02617,7:09:12 AM,8,4,2
B02682,7:57:12 AM,2,4,4
B02617,7:26:55 AM,1,8,4
B02682,7:37:34 AM,4,3,5
B02617,7:31:37 AM,6,4,4
B02512,7:44:10 AM,2,1,5
B02764,7:40:55 AM,5,2,1
B02764,7:55:28 AM,5,6,4
B02682,7:46:15 AM,4,3,2
B02617,7:07:58 AM,7,4,1
B02682,7:11:59 AM,3,2,3
B02682,7:33:51 AM,3,4,4
B02617,7:24:55 AM,2,7,1
B02682,7:49:46 AM,4,1,4
B02512,7:03:53 AM,2,3,2
B02617,7:24:03 AM,6,3,3
B02512,7:17:14 AM,2,2,1
B02682,7:50:16 AM,4,1,2
B02682,7:44:08 AM,2,6,4
B02682,7:57:28 AM,4,6,1
B02682,7:54:32 AM,2,5,5
B02598,7:08:40 AM,1,1,4
B02617,7:55:12 AM,9,6,3
B02617,7:17:53 AM,1,6,3
B02617,7:42:31 AM,2,6,4
B02764,7:22:06 AM,3,4,4
B02512,7:24:10 AM,2,0,4
B02512,7:34:41 AM,6,2,4
B02617,7:47:07 AM,2,6,1
B02682,7:46:36 AM,2,2,2
B02617,7:11:49 AM,10,5,5
B02617,7:35:05 AM,5,5,4
B02682,7:14:13 AM,3,4,3
B02682,7:15:17 AM,2,3,3
B02764,7:19:49 AM,3,5,4
B02617,7:34:16 AM,9,1,4
B02512,7:37:44 AM,4,1,5
B02682,7:08:59 AM,1,5,5
B02764,7:51:02 AM,5,1,1
B02764,7:13:19 AM,5,5,1
B02764,7:56:38 AM,2,1,5
B02617,7:25:18 AM,4,1,5
B02512,7:14:56 AM,1,0,3
B02617,7:34:35 AM,7,4,3
B02617,7:20:38 AM,2,8,4
B02617,7:35:44 AM,2,4,4
B02764,7:27:03 AM,2,3,4
B02512,7:55:18 AM,5,2,3
B02512,7:56:43 AM,4,0,1
B02512,7:25:59 AM,1,2,1
B02617,7:32:19 AM,3,1,4
B02764,7:13:50 AM,5,5,4
B02617,7:37:37 AM,6,3,5
B02617,7:56:10 AM,5,7,5
B02598,7:54:26 AM,3,2,1
B02617,7:34:48 AM,10,6,2
B02598,7:20:47 AM,1,6,1
B02682,7:18:40 AM,4,3,2
B02617,7:16:38 AM,10,8,2
B02512,7:35:07 AM,5,1,3
B02512,7:54:14 AM,2,0,4
B02512,7:38:17 AM,2,2,4
B02764,7:03:54 AM,4,2,1
B02617,7:23:18 AM,6,7,3
B02512,7:56:44 AM,4,0,4
B02764,7:51:16 AM,5,2,1
B02617,7:11:09 AM,10,4,2
B02512,7:55:48 AM,4,1,3
B02512,7:16:23 AM,5,0,4
B02598,7:48:40 AM,2,5,2
B02682,7:28:52 AM,2,5,1
B02512,7:05:00 AM,6,3,5
B02617,7:25:57 AM,9,3,5
B02598,7:06:33 AM,1,1,2
B02682,7:55:50 AM,1,4,4
B02682,7:15:57 AM,1,6,5
B02617,7:50:02 AM,10,5,5
B02617,7:17:40 AM,1,6,3
B02512,7:32:56 AM,3,1,1
B02617,7:27:53 AM,5,2,2
B02512,7:35:25 AM,4,1,1
B02682,7:29:00 AM,2,6,2
B02617,7:16:58 AM,2,2,2
B02617,7:16:38 AM,3,6,3
B02617,7:13:53 AM,1,5,4
B02765,7:28:58 AM,5,4,1
B02512,7:34:16 AM,3,0,2
B02512,7:37:51 AM,5,2,4
B02617,7:02:11 AM,5,4,5
B02765,7:28:48 AM,5,3,5
B02598,7:40:24 AM,4,2,2
B02512,7:51:58 AM,5,2,5
B02512,7:12:14 AM,6,3,3
B02617,7:09:14 AM,7,6,3
B02617,7:13:51 AM,2,3,4
B02512,7:23:32 AM,4,2,5
B02765,7:57:27 AM,6,1,2
B02512,7:42:55 AM,6,2,3
B02512,7:20:46 AM,5,1,1
B02765,7:46:18 AM,2,5,2
B02617,7:34:31 AM,10,6,1
B02764,7:31:19 AM,1,1,3
B02512,7:48:46 AM,3,0,1
B02617,7:52:45 AM,8,5,3
B02598,7:58:25 AM,4,4,2
B02765,7:23:02 AM,3,3,3
B02764,7:07:46 AM,1,4,4
B02617,7:48:34 AM,2,3,3
B02512,7:48:39 AM,3,3,4
B02764,7:20:25 AM,5,2,3
B02617,7:41:27 AM,7,1,2
B02764,7:14:40 AM,5,1,1
B02512,7:23:18 AM,2,3,3
B02617,7:03:16 AM,2,1,5
B02617,7:53:12 AM,4,6,4
B02682,7:05:31 AM,2,2,5
B02598,7:59:31 AM,2,7,1
B02617,7:17:51 AM,8,2,1
B02764,7:18:32 AM,1,5,1
B02617,7:20:56 AM,7,7,4
B02765,7:52:35 AM,6,6,2
B02764,7:51:10 AM,5,3,4
B02764,7:03:05 AM,5,6,4
B02682,7:06:33 AM,3,6,4
B02598,7:38:14 AM,1,2,1
B02617,7:07:47 AM,6,4,4
B02598,7:56:23 AM,4,5,2
B02764,7:52:48 AM,1,2,3
B02512,7:00:26 AM,1,0,5
B02617,7:16:57 AM,3,3,5
B02682,7:58:16 AM,1,5,5
B02682,7:33:13 AM,3,1,4
B02682,7:06:03 AM,3,6,4
B02764,7:15:21 AM,4,2,4
B02617,7:33:45 AM,7,4,2
B02617,7:17:14 AM,9,5,3
B02617,7:00:35 AM,7,4,5
B02512,7:44:35 AM,5,0,3
B02682,7:02:02 AM,1,6,2
B02598,7:16:26 AM,1,5,5
B02682,7:48:18 AM,3,2,5
B02512,7:36:27 AM,3,2,2
B02764,7:07:45 AM,4,2,4
B02682,7:09:22 AM,3,3,4
B02617,7:04:21 AM,10,1,4
B02682,7:26:53 AM,3,3,4
B02617,7:11:23 AM,2,4,5
B02764,7:26:18 AM,5,2,3
B02764,7:14:39 AM,2,2,3
B02764,7:48:36 AM,3,5,3
B02512,7:38:24 AM,2,0,1
B02512,7:39:03 AM,4,1,2
B02512,7:15:40 AM,3,0,1
B02617,7:30:29 AM,9,5,1
B02617,7:27:17 AM,10,2,2
B02682,7:23:04 AM,1,3,2
B02617,7:32:56 AM,9,5,4
B02682,7:56:26 AM,4,2,3
B02617,7:03:35 AM,2,2,3
B02682,7:07:53 AM,2,4,3
B02617,7:52:23 AM,10,1,4
B02617,7:39:38 AM,2,2,5
B02682,7:33:57 AM,4,5,4
B02682,7:28:38 AM,2,5,2
B02512,7:05:41 AM,2,0,2
B02682,7:43:09 AM,3,4,4
B02764,7:24:51 AM,5,6,4
B02765,7:19:06 AM,6,2,1
B02682,7:14:54 AM,1,1,5
B02598,7:48:34 AM,4,6,3
B02512,7:12:49 AM,2,0,2
B02617,7:32:19 AM,2,5,3
B02598,7:17:30 AM,1,3,5
B02512,7:05:41 AM,2,1,4
B02598,7:13:43 AM,3,6,3
B02765,7:55:45 AM,3,3,1
B02764,7:11:45 AM,3,3,3
B02682,7:12:25 AM,3,2,1
B02512,7:29:51 AM,5,3,1
B02617,7:45:54 AM,5,2,3
B02682,7:59:17 AM,4,5,4
B02764,7:09:48 AM,5,5,5
B02598,7:14:09 AM,4,1,3
B02617,7:48:32 AM,9,3,4
B02512,7:38:05 AM,5,1,4
B02512,7:52:31 AM,6,3,2
B02765,7:04:22 AM,3,2,5
B02617,7:43:53 AM,4,3,3
B02512,7:19:55 AM,5,3,4
B02764,7:21:25 AM,4,5,5
B02512,7:24:51 AM,5,3,1
B02682,7:06:39 AM,2,6,2
B02764,7:38:27 AM,3,3,3
B02598,7:40:15 AM,3,1,1
B02617,7:28:18 AM,3,7,2
B02765,7:59:57 AM,5,5,1
B02617,7:43:08 AM,4,8,1
B02682,7:58:03 AM,3,2,2
B02617,7:32:37 AM,7,1,1
B02617,7:25:09 AM,10,3,2
B02512,7:20:12 AM,5,2,3
B02512,7:12:46 AM,5,3,5
B02598,7:33:05 AM,1,4,2
B02512,7:23:50 AM,2,1,1
B02598,7:59:13 AM,1,2,5
B02764,7:48:19 AM,2,5,5
B02682,7:32:59 AM,2,1,2
B02765,7:08:06 AM,3,5,3
B02512,7:05:02 AM,6,0,2
B02764,7:14:08 AM,5,2,4
B02765,7:12:32 AM,3,6,4
B02617,7:56:56 AM,6,1,4
B02617,7:51:22 AM,6,8,4
B02617,7:28:46 AM,2,6,1
B02682,7:47:10 AM,4,1,3
B02617,7:57:19 AM,7,3,4
B02617,7:03:36 AM,1,8,2
B02512,7:30:23 AM,3,3,4
B02764,7:28:58 AM,5,6,4
B02617,7:42:00 AM,5,6,2
B02598,7:27:48 AM,4,6,4
B02617,7:41:43 AM,7,1,3
B02682,7:20:34 AM,1,4,5
B02512,7:42:08 AM,1,1,3
B02682,7:30:39 AM,2,5,3
B02617,7:29:23 AM,6,2,1
B02617,7:36:22 AM,8,1,1
B02765,7:39:12 AM,4,4,1
B02764,7:50:13 AM,3,2,3
B02682,7:34:56 AM,1,5,4
B02682,7:08:26 AM,2,1,4
B02682,7:45:32 AM,1,3,2
B02512,7:25:19 AM,4,0,2
B02682,7:20:16 AM,2,1,3
B02764,7:07:40 AM,4,4,2
B02682,7:35:57 AM,2,1,5
B02764,7:43:47 AM,5,1,1
B02598,7:38:45 AM,2,3,4
B02764,7:34:02 AM,1,4,2
B02598,7:34:38 AM,2,7,2
B02617,7:44:01 AM,10,1,4
B02512,7:32:08 AM,5,2,5
B02682,7:40:57 AM,2,4,1
B02512,7:11:12 AM,2,3,3
B02617,7:51:39 AM,2,5,1
B02617,7:20:32 AM,5,4,2
B02512,7:55:10 AM,2,0,2
B02598,7:00:29 AM,2,1,5
B02512,7:32:49 AM,4,1,5
B02598,7:45:34 AM,2,1,5
B02617,7:08:11 AM,5,5,2
B02617,7:43:10 AM,10,1,3
B02682,7:07:27 AM,3,4,4
B02764,7:05:53 AM,4,4,2
B02617,7:57:04 AM,2,6,3
B02617,7:13:51 AM,4,1,3
B02682,7:16:22 AM,3,3,1
B02617,7:29:38 AM,8,4,2
B02512,7:03:02 AM,5,0,4
B02617,7:45:07 AM,4,5,5
B02598,7:35:20 AM,3,1,5
B02512,7:09:12 AM,1,0,5
B02764,7:20:26 AM,3,1,5
B02765,7:25:32 AM,6,1,3
B02764,7:28:49 AM,1,4,4
B02617,7:04:16 AM,5,6,4
B02617,7:06:01 AM,5,5,2
B02765,7:12:53 AM,3,3,5
B02682,7:47:32 AM,1,3,3
B02512,7:33:57 AM,4,0,2
B02682,7:13:53 AM,1,6,1
B02617,7:28:46 AM,10,6,5
B02617,7:49:19 AM,1,6,1
B02617,7:40:52 AM,8,5,5
B02617,7:47:41 AM,3,4,2
B02617,7:14:05 AM,6,3,3
B02617,7:55:48 AM,3,2,5
B02617,7:41:15 AM,6,8,5
B02682,7:03:08 AM,3,4,1
B02682,7:22:27 AM,1,2,3
B02682,7:27:50 AM,4,4,1
B02764,7:57:54 AM,2,5,1
B02598,7:07:32 AM,1,5,2
B02512,7:29:00 AM,1,1,2
B02617,7:37:37 AM,1,2,1
B02764,7:53:11 AM,4,3,4
B02764,7:00:28 AM,5,4,2
B02682,7:40:39 AM,4,1,1
B02617,7:11:25 AM,3,7,5
B02512,7:41:29 AM,4,1,4
B02682,7:09:46 AM,1,4,5
B02682,7:09:39 AM,1,3,3
B02617,7:33:31 AM,10,3,1
B02682,7:37:46 AM,4,5,5
B02617,7:03:56 AM,7,5,4
B02598,7:47:28 AM,3,4,4
B02598,7:01:33 AM,2,4,4
B02682,7:43:27 AM,3,1,1
B02617,7:08:45 AM,5,6,1
B02617,7:05:39 AM,4,3,1
B02617,7:59:14 AM,10,7,2
B02512,7:41:33 AM,2,0,4
B02598,7:49:50 AM,1,7,4
B02764,7:10:46 AM,1,2,4
B02682,7:21:52 AM,2,4,3
B02617,7:56:51 AM,7,2,1
B02617,7:58:24 AM,8,8,1
B02512,7:57:22 AM,3,0,2
B02617,7:42:42 AM,3,5,5
B02512,7:40:58 AM,3,3,3
B02765,7:31:16 AM,5,2,1
B02764,7:52:05 AM,1,6,3
B02682,7:48:26 AM,4,2,4
B02682,7:42:34 AM,1,3,1
B02598,7:49:52 AM,4,1,1
B02617,7:30:45 AM,8,5,4
B02512,7:34:30 AM,6,3,1
B02617,7:16:21 AM,3,8,5
B02598,7:10:56 AM,3,7,2
B02617,7:55:42 AM,2,3,1
B02598,7:30:53 AM,1,2,4
B02765,7:45:15 AM,6,4,5
B02682,7:23:15 AM,2,5,2
B02682,7:30:12 AM,2,2,2
B02764,7:51:11 AM,5,6,1
B02512,7:28:09 AM,2,1,5
B02617,7:21:23 AM,8,1,2
B02617,7:13:29 AM,8,6,4
B02598,7:49:46 AM,3,2,3
B02682,7:58:12 AM,2,3,1
B02765,7:43:45 AM,1,6,2
B02617,7:34:03 AM,8,6,5
B02765,7:31:45 AM,1,1,1
B02512,7:35:58 AM,5,0,5
B02682,7:22:13 AM,4,4,5
B02764,7:07:36 AM,5,6,1
B02617,7:22:40 AM,3,2,4
B02617,7:29:33 AM,5,8,5
B02512,7:56:20 AM,5,3,3
B02512,7:24:51 AM,3,3,5
B02512,7:41:38 AM,5,3,1
B02682,7:31:34 AM,1,2,1
B02598,7:46:44 AM,2,6,5
B02682,7:52:54 AM,1,1,2
B02617,7:04:52 AM,2,4,1
B02682,7:50:42 AM,3,5,5
B02617,7:13:36 AM,10,2,2
B02617,7:34:13 AM,2,8,2
B02617,7:05:35 AM,9,6,2
B02765,7:55:15 AM,2,3,4
B02512,7:27:25 AM,4,3,5
B02598,7:05:54 AM,4,2,5
B02512,7:54:36 AM,1,0,2
B02512,7:20:05 AM,5,0,3
B02682,7:25:43 AM,2,2,5
B02764,7:35:05 AM,4,1,5
B02682,7:14:05 AM,4,5,4
B02512,7:29:22 AM,1,2,5
B02682,7:42:46 AM,1,6,3
B02598,7:17:28 AM,1,6,1
B02617,7:46:59 AM,1,1,4
B02617,7:05:06 AM,10,3,2
B02764,7:29:02 AM,5,5,4
B02617,7:10:48 AM,8,3,2
B02764,7:55:28 AM,3,5,4
B02617,7:05:36 AM,6,3,2
B02682,7:24:40 AM,2,6,5
B02617,7:14:02 AM,9,7,4
B02617,7:47:52 AM,8,8,1
B02512,7:48:45 AM,3,3,3
B02764,7:22:09 AM,4,2,2
B02598,7:53:07 AM,2,7,4
B02617,7:57:17 AM,1,5,5
B02765,7:23:10 AM,5,2,4
B02512,7:34:11 AM,5,1,4
B02512,7:27:08 AM,2,3,5
B02598,7:18:33 AM,1,6,2
B02512,7:30:02 AM,6,1,4
B02512,7:47:10 AM,6,3,1
B02764,7:23:54 AM,1,6,5
B02682,7:43:02 AM,4,2,1
B02512,7:59:16 AM,2,2,5
B02765,7:40:31 AM,1,5,5
B02764,7:40:29 AM,3,2,1
B02682,7:57:42 AM,1,4,1
B02617,7:32:51 AM,9,8,1
B02617,7:35:40 AM,7,5,2
B02617,7:07:00 AM,2,8,2
B02512,7:24:06 AM,4,3,4
B02682,7:31:32 AM,3,6,5
B02598,7:31:59 AM,1,7,1
B02682,7:45:11 AM,2,4,5
B02682,7:07:23 AM,2,4,3
B02617,7:40:55 AM,7,1,4
B02617,7:33:40 AM,5,8,5
B02764,7:02:58 AM,1,6,5
B02682,7:29:27 AM,4,4,4
B02617,7:13:30 AM,2,1,4
B02617,7:20:26 AM,7,5,3
B02617,7:39:26 AM,2,8,1
B02682,7:13:38 AM,4,3,3
B02682,7:01:05 AM,1,6,2
B02512,7:23:03 AM,4,1,5
B02617,7:52:09 AM,8,8,5
B02617,7:22:13 AM,6,3,2
B02512,7:55:10 AM,4,1,4
B02682,7:12:26 AM,2,2,4
B02682,7:07:41 AM,2,2,4
B02617,7:57:25 AM,6,2,2
B02765,7:52:17 AM,2,5,2
B02682,7:55:25 AM,1,4,3
B02682,7:41:26 AM,1,2,3
B02764,7:12:04 AM,1,3,2
B02682,7:22:58 AM,2,5,5
B02764,7:11:22 AM,2,1,1
B02682,7:30:59 AM,4,5,2
B02682,7:01:17 AM,4,2,3
B02598,7:12:30 AM,1,2,1
B02765,7:30:26 AM,6,4,5
B02598,7:30:10 AM,2,7,5
B02512,7:25:31 AM,1,2,1
B02598,7:03:51 AM,2,3,4
B02682,7:18:25 AM,3,2,3
B02682,7:40:55 AM,2,6,4
B02617,7:58:48 AM,4,3,4
B02682,7:57:02 AM,3,2,4
B02617,7:03:56 AM,5,8,3
B02617,7:19:47 AM,2,7,3
B02512,7:33:41 AM,5,2,3
B02765,7:34:51 AM,5,1,3
B02598,7:38:35 AM,2,6,2
B02765,7:55:46 AM,3,1,2
B02682,7:11:27 AM,4,5,2
B02512,7:08:46 AM,4,2,1
B02682,7:34:45 AM,1,4,1
B02512,7:31:30 AM,1,3,4
B02617,7:31:14 AM,2,5,1
B02682,7:46:18 AM,1,2,3
B02682,7:09:46 AM,1,5,2
B02598,7:39:35 AM,2,7,3
B02682,7:18:20 AM,3,6,3
B02682,7:08:06 AM,3,4,4
B02617,7:48:10 AM,6,6,3
B02598,7:31:18 AM,2,1,4
B02512,7:18:42 AM,2,0,5
B02617,7:57:14 AM,6,6,1
B02764,7:09:07 AM,5,2,1
B02765,7:16:35 AM,3,4,2
B02617,7:47:07 AM,4,1,5
B02512,7:16:10 AM,1,3,4
B02512,7:52:10 AM,4,1,5
B02617,7:38:03 AM,1,5,2
B02512,7:34:54 AM,5,3,1
B02598,7:04:14 AM,2,5,2
B02764,7:20:36 AM,3,1,1
B02682,7:26:40 AM,3,6,3
B02617,7:55:25 AM,1,2,2
B02617,7:31:43 AM,2,5,2
B02682,7:56:02 AM,2,4,1
B02598,7:35:23 AM,1,4,4
B02764,7:30:01 AM,3,1,2
B02598,7:31:32 AM,4,4,5
B02598,7:55:45 AM,4,5,2
B02617,7:52:54 AM,1,5,4
B02682,7:08:55 AM,3,6,3
B02617,7:26:25 AM,8,7,2
B02617,7:18:17 AM,1,2,5
B02617,7:48:33 AM,8,8,1
B02598,7:13:02 AM,2,3,5
B02682,7:53:49 AM,2,4,2
B02764,7:21:26 AM,4,2,1
B02764,7:35:39 AM,1,4,2
B02682,7:06:19 AM,3,1,4
B02617,7:36:22 AM,5,2,1
B02512,7:07:21 AM,5,0,4
B02617,7:09:13 AM,3,6,1
B02512,7:47:15 AM,4,0,3
B02617,7:02:00 AM,2,3,3
B02682,7:04:31 AM,2,2,1
B02682,7:58:29 AM,2,3,1
B02512,7:10:16 AM,3,1,5
B02682,7:12:46 AM,3,3,3
B02512,7:49:38 AM,1,3,2
B02512,7:46:05 AM,1,2,4
B02617,7:02:45 AM,6,2,1
B02617,7:16:20 AM,8,3,4
B02682,7:39:48 AM,3,5,2
B02617,7:14:11 AM,9,5,3
B02682,7:40:21 AM,2,6,2
B02617,7:39:32 AM,4,2,5
B02512,7:25:10 AM,5,2,3
B02512,7:34:48 AM,5,2,4
B02617,7:09:07 AM,9,5,5
B02765,7:53:50 AM,4,3,5
B02764,7:05:04 AM,1,6,1
B02598,7:24:22 AM,1,6,5
B02598,7:08:50 AM,3,2,1
B02764,7:26:39 AM,2,6,1
B02617,7:18:40 AM,8,4,5
B02512,7:23:12 AM,4,0,2
B02617,7:38:41 AM,3,8,5
B02512,7:49:01 AM,6,0,2
B02764,7:17:38 AM,4,1,5
B02682,7:14:38 AM,4,3,3
B02617,7:04:03 AM,4,1,4
B02617,7:43:32 AM,2,4,5
B02512,7:25:37 AM,2,3,2
B02682,7:00:18 AM,4,4,5
B02617,7:07:48 AM,4,1,4
B02682,7:15:35 AM,4,1,5
B02598,7:09:57 AM,4,5,2
B02617,7:57:07 AM,10,2,3
B02598,7:13:40 AM,3,7,5
B02512,7:35:41 AM,2,0,5
B02617,7:37:09 AM,4,4,2
B02512,7:25:28 AM,1,3,4
B02764,7:18:09 AM,3,5,3
B02764,7:41:45 AM,3,1,2
B02764,7:11:24 AM,5,1,4
B02617,7:29:09 AM,6,1,5
B02512,7:03:10 AM,2,3,3
B02764,7:48:43 AM,1,3,3
B02617,7:45:58 AM,6,1,2
B02617,7:44:36 AM,5,5,4
B02512,7:21:53 AM,5,3,2
B02598,7:42:11 AM,1,7,5
B02682,7:40:27 AM,2,3,1
B02512,7:39:05 AM,3,3,5
B02765,7:28:46 AM,2,2,4
B02765,7:38:42 AM,1,1,4
B02682,7:01:01 AM,4,1,4
B02512,7:57:09 AM,1,2,2
B02682,7:43:07 AM,3,5,5
B02512,7:37:34 AM,4,0,3
B02682,7:55:33 AM,1,5,2
B02764,7:58:22 AM,2,6,2
B02512,7:58:40 AM,5,0,3
B02598,7:42:09 AM,3,3,5
B02765,7:12:25 AM,4,1,4
B02682,7:49:10 AM,2,3,3
B02764,7:24:28 AM,3,3,5
B02598,7:39:52 AM,3,3,5
B02764,7:08:50 AM,2,5,2
B02682,7:45:07 AM,2,1,3
B02598,7:17:09 AM,3,3,2
B02598,7:14:16 AM,2,3,5
B02598,7:21:58 AM,2,1,5
B02682,7:54:13 AM,1,3,1
B02617,7:35:44 AM,2,5,1
B02512,7:10:26 AM,6,0,3
B02764,7:39:57 AM,4,4,3
B02512,7:14:49 AM,1,3,1
B02617,7:20:10 AM,1,2,2
B02764,7:25:39 AM,1,2,4
B02617,7:32:10 AM,10,2,4
B02617,7:20:55 AM,9,4,2
B02598,7:27:06 AM,3,4,1
B02764,7:54:09 AM,2,5,2
B02598,7:05:35 AM,4,6,5
B02617,7:46:57 AM,8,2,3
B02765,7:05:38 AM,4,1,1
B02617,7:09:11 AM,6,7,1
B02682,7:43:28 AM,1,2,3
B02617,7:21:14 AM,7,3,2
B02617,7:50:34 AM,9,7,3
B02617,7:34:04 AM,8,1,5
B02682,7:50:44 AM,1,6,2
B02617,7:09:50 AM,3,4,2
B02617,7:17:37 AM,8,7,5
B02617,7:40:03 AM,1,8,3
B02764,7:26:36 AM,5,6,2
B02512,7:21:52 AM,2,0,5
B02598,7:14:59 AM,1,7,5
B02617,7:09:12 AM,8,4,2
B02617,7:46:26 AM,8,5,5
B02598,7:25:51 AM,4,4,5
B02617,7:47:48 AM,4,3,1
B02617,7:29:14 AM,5,2,2
B02765,7:34:36 AM,1,5,1
B02598,7:23:15 AM,4,4,5
B02598,7:39:12 AM,1,3,2
B02682,7:16:33 AM,2,2,2
B02617,7:25:43 AM,10,6,1
B02765,7:21:25 AM,5,3,3
B02617,7:34:57 AM,8,3,1
B02765,7:00:44 AM,3,5,5
B02764,7:01:14 AM,2,6,5
B02617,7:06:23 AM,2,3,2
B02682,7:28:55 AM,4,6,2
B02617,7:40:03 AM,6,8,4
B02682,7:46:30 AM,4,3,1
B02764,7:21:47 AM,3,2,2
B02682,7:37:05 AM,3,5,1
B02617,7:37:20 AM,9,6,4
B02764,7:21:53 AM,2,1,4
B02617,7:26:56 AM,2,6,1
B02617,7:06:33 AM,1,4,2
B02598,7:12:20 AM,3,4,5
B02512,7:31:56 AM,6,2,5
B02617,7:38:25 AM,10,7,1
B02765,7:39:50 AM,3,2,3
B02617,7:33:44 AM,8,8,3
B02617,7:44:44 AM,5,1,1
B02598,7:43:35 AM,4,3,5
B02617,7:25:41 AM,1,4,2
B02682,7:39:57 AM,3,2,1
B02682,7:47:43 AM,2,4,3
B02617,7:23:41 AM,4,6,1
B02512,7:08:15 AM,1,1,1
B02512,7:32:03 AM,4,3,1
B02765,7:53:04 AM,3,1,2
B02617,7:57:36 AM,9,4,5
B02598,7:28:34 AM,2,6,3
B02617,7:15:32 AM,1,8,1
B02764,7:39:58 AM,1,1,5
B02617,7:15:27 AM,8,6,4
B02764,7:28:41 AM,1,5,3
B02512,7:57:24 AM,2,2,5
B02682,7:49:00 AM,4,4,2
B02682,7:26:24 AM,3,6,4
B02512,7:10:20 AM,6,3,4
B02764,7:06:53 AM,5,5,1
B02598,7:56:42 AM,2,2,5
B02512,7:34:28 AM,4,2,3
B02617,7:39:46 AM,4,5,1
B02617,7:41:34 AM,10,2,2
B02765,7:59:58 AM,4,2,1
B02598,7:57:54 AM,2,5,2
B02512,7:51:38 AM,6,0,4
B02765,7:37:02 AM,5,2,2
B02617,7:01:01 AM,3,4,2
B02617,7:35:24 AM,9,6,1
B02764,7:29:39 AM,5,4,2
B02598,7:53:49 AM,3,1,5
B02617,7:39:27 AM,7,7,1
B02512,7:39:57 AM,6,2,1
B02682,7:29:18 AM,4,1,1
B02617,7:38:47 AM,6,5,4
B02598,7:21:22 AM,1,7,2
B02617,7:15:13 AM,8,1,3
B02512,7:42:25 AM,3,1,4
B02598,7:21:49 AM,2,5,3
B02512,7:22:37 AM,4,2,4
B02512,7:21:17 AM,3,0,5
B02598,7:58:03 AM,4,4,2
B02512,7:04:22 AM,2,0,4
B02598,7:56:01 AM,4,7,3
B02764,7:34:30 AM,1,4,5
B02512,7:06:10 AM,2,3,4
B02765,7:02:14 AM,3,6,3
B02617,7:27:28 AM,9,6,4
B02598,7:07:36 AM,1,7,2
B02765,7:01:44 AM,2,1,5
B02512,7:16:53 AM,2,0,5
B02764,7:14:21 AM,5,2,5
B02764,7:36:20 AM,1,6,4
B02617,7:50:46 AM,5,8,2
B02764,7:30:29 AM,5,6,2
B02512,7:55:36 AM,2,3,1
B02617,7:34:08 AM,10,5,5
B02682,7:08:59 AM,1,6,4
B02617,7:07:23 AM,3,7,3
B02682,7:56:12 AM,4,5,1
B02617,7:07:16 AM,8,1,5
B02682,7:03:17 AM,4,3,1
B02682,7:04:45 AM,4,1,4
B02764,7:41:16 AM,4,1,2
B02512,7:33:14 AM,5,2,2
B02512,7:20:59 AM,2,2,4
B02512,7:01:08 AM,6,3,4
B02682,7:51:27 AM,3,6,1
B02617,7:38:09 AM,10,6,4
B02682,7:58:22 AM,1,5,4
B02598,7:03:29 AM,1,2,5
B02598,7:20:45 AM,1,7,3
B02617,7:39:34 AM,2,8,1
B02598,7:17:23 AM,3,1,4
B02617,7:21:47 AM,5,7,2
B02764,7:41:58 AM,5,6,3
B02617,7:14:23 AM,4,5,2
B02682,7:48:07 AM,4,6,4
B02764,7:03:48 AM,5,1,4
B02682,7:09:52 AM,1,6,5
B02512,7:05:41 AM,2,3,4
B02765,7:30:50 AM,3,2,3
B02682,7:46:59 AM,1,3,5
B02598,7:03:33 AM,4,7,4
B02764,7:51:53 AM,1,5,2
B02682,7:11:10 AM,3,2,3
B02617,7:12:09 AM,9,5,5
B02512,7:06:59 AM,4,2,3
B02598,7:32:49 AM,2,6,2
B02682,7:40:23 AM,2,3,3
B02617,7:45:34 AM,1,1,2
B02764,7:25:34 AM,3,2,2
B02617,7:55:24 AM,4,3,5
B02682,7:24:13 AM,3,4,2
B02617,7:15:45 AM,5,5,4
B02617,7:10:27 AM,8,2,1
B02512,7:31:44 AM,6,0,3
B02598,7:29:20 AM,2,5,2
B02764,7:11:42 AM,3,1,5
B02764,7:50:37 AM,2,6,3
B02764,7:56:29 AM,1,3,1
B02765,7:22:33 AM,3,2,3
B02764,7:17:18 AM,5,1,1
B02512,7:33:18 AM,4,0,5
B02617,7:13:47 AM,9,1,5
B02764,7:22:55 AM,4,3,4
B02617,7:44:26 AM,2,5,3
B02598,7:49:00 AM,3,1,4
B02682,7:43:08 AM,1,1,5
B02682,7:24:47 AM,4,2,2
B02682,7:46:35 AM,2,3,4
B02617,7:20:39 AM,8,6,2
B02617,7:34:30 AM,3,5,4
B02512,7:24:27 AM,2,0,3
B02682,7:31:19 AM,3,1,4
B02764,7:20:09 AM,3,4,2
B02598,7:32:12 AM,1,6,1
B02617,7:28:38 AM,2,2,2
B02764,7:28:31 AM,4,5,3
B02512,7:13:42 AM,1,1,4
B02765,7:58:03 AM,2,4,4
B02512,7:39:07 AM,5,1,5
B02764,7:34:39 AM,2,5,3
B02682,7:13:30 AM,4,2,3
B02617,7:31:34 AM,6,7,1
B02512,7:35:32 AM,3,0,1
B02617,7:35:40 AM,6,4,1
B02598,7:42:43 AM,3,4,5
B02764,7:58:22 AM,2,3,4
B02512,7:10:40 AM,2,1,5
B02764,7:55:35 AM,4,1,5
B02617,7:48:52 AM,5,3,3
B02512,7:56:26 AM,3,3,1
B02512,7:21:22 AM,1,0,5
B02512,7:51:50 AM,5,3,1
B02617,7:49:50 AM,9,1,2
B02764,7:21:57 AM,1,4,1
B02617,7:34:44 AM,10,7,2
B02764,7:01:52 AM,5,4,4
B02512,7:47:53 AM,1,2,1
B02682,7:42:48 AM,2,1,2
B02682,7:13:03 AM,1,4,1
B02617,7:37:10 AM,4,7,2
B02617,7:54:17 AM,7,5,1
B02764,7:27:48 AM,2,3,5
B02512,7:12:42 AM,3,0,5
B02617,7:48:03 AM,8,2,3
B02598,7:18:34 AM,3,3,1
B02764,7:26:57 AM,1,5,4
B02682,7:00:52 AM,3,6,5
B02617,7:58:33 AM,9,6,2
B02682,7:34:13 AM,4,4,1
B02617,7:59:40 AM,5,4,3
B02512,7:55:51 AM,6,2,2
B02512,7:02:07 AM,1,2,4
B02764,7:45:45 AM,5,1,5
B02765,7:45:44 AM,3,1,2
B02512,7:36:22 AM,6,1,5
B02764,7:46:37 AM,4,5,2
B02512,7:09:05 AM,1,2,5
B02617,7:11:26 AM,1,7,3
B02512,7:34:18 AM,4,2,5
B02617,7:56:19 AM,4,2,3
B02598,7:44:22 AM,1,2,5
B02598,7:14:48 AM,4,6,4
B02764,7:54:54 AM,3,2,4
B02512,7:24:10 AM,5,1,3
B02617,7:09:11 AM,1,7,2
B02617,7:03:44 AM,4,8,1
B02617,7:35:56 AM,7,2,5
B02617,7:02:28 AM,1,2,2
B02617,7:23:59 AM,6,5,1
B02682,7:40:31 AM,1,6,3
B02512,7:19:28 AM,4,3,3
B02765,7:30:02 AM,2,1,5
B02598,7:57:22 AM,1,1,2
B02617,7:19:29 AM,2,3,4
B02617,7:16:42 AM,9,4,3
B02764,7:42:17 AM,5,5,3
B02617,7:47:58 AM,4,1,4
B02764,7:54:48 AM,1,2,1
B02512,7:41:03 AM,1,2,2
B02617,7:28:32 AM,1,7,5
B02682,7:36:35 AM,3,5,3
B02764,7:05:23 AM,4,4,3
B02617,7:30:27 AM,10,5,2
B02682,7:13:36 AM,2,6,4
B02617,7:17:20 AM,9,7,4
B02765,7:32:18 AM,1,3,2
B02682,7:20:24 AM,1,2,1
B02764,7:05:40 AM,4,2,1
B02512,7:49:08 AM,2,2,2
B02682,7:51:02 AM,1,6,4
B02617,7:06:42 AM,5,8,5
B02512,7:24:22 AM,4,1,1
B02598,7:28:11 AM,3,3,4
B02512,7:27:21 AM,6,1,1
B02512,7:05:40 AM,6,0,1
B02617,7:47:15 AM,10,8,5
B02617,7:47:04 AM,8,6,5
B02682,7:08:35 AM,1,5,3
B02765,7:42:27 AM,2,4,1
B02598,7:47:35 AM,4,1,3
B02682,7:43:35 AM,3,4,4
B02682,7:52:36 AM,4,4,4
B02512,7:02:52 AM,4,0,4
B02764,7:42:14 AM,1,2,1
B02617,7:00:24 AM,8,1,5
B02764,7:46:52 AM,4,1,1
B02764,7:00:30 AM,4,2,4
B02682,7:11:49 AM,4,3,1
B02617,7:38:54 AM,2,4,3
B02682,7:44:00 AM,2,1,5
B02512,7:10:48 AM,4,3,3
B02617,7:29:48 AM,9,1,3
B02764,7:30:14 AM,2,2,1
B02617,7:22:39 AM,4,4,4
B02764,7:13:28 AM,3,6,5
B02682,7:38:39 AM,1,5,3
B02764,7:57:03 AM,4,3,2
B02617,7:46:29 AM,4,3,3
B02764,7:01:43 AM,1,5,4
B02617,7:32:13 AM,8,1,3
B02617,7:46:02 AM,9,7,3
B02617,7:38:36 AM,9,1,5
B02512,7:01:14 AM,2,1,5
B02764,7:15:12 AM,4,3,4
B02682,7:43:14 AM,3,1,4
B02617,7:08:25 AM,4,6,4
B02512,7:23:08 AM,6,2,5
B02765,7:34:07 AM,6,5,5
B02512,7:08:23 AM,5,2,5
B02764,7:42:19 AM,1,1,5
B02682,7:09:00 AM,3,5,2
B02682,7:41:51 AM,4,1,1
B02512,7:30:28 AM,1,1,4
B02617,7:27:26 AM,9,2,1
B02617,7:19:45 AM,6,3,1
B02682,7:46:44 AM,1,4,4
B02682,7:00:21 AM,2,3,3
B02598,7:27:36 AM,1,3,4
B02512,7:01:57 AM,3,2,3
B02617,7:46:51 AM,3,4,1
B02512,7:44:10 AM,5,0,5
B02512,7:37:21 AM,1,2,3
B02764,7:23:46 AM,1,6,2
B02764,7:33:37 AM,4,3,2
B02682,7:44:59 AM,4,2,2
B02598,7:31:30 AM,3,1,3
B02617,7:28:31 AM,7,1,3
B02617,7:39:24 AM,6,7,3
B02764,7:19:34 AM,3,2,1
B02617,7:50:28 AM,8,1,5
B02682,7:31:10 AM,3,1,3
B02764,7:17:25 AM,3,6,4
B02617,7:51:53 AM,6,1,3
B02682,7:56:42 AM,4,6,3
B02682,7:49:16 AM,2,3,1
B02682,7:47:14 AM,1,6,1
B02617,7:38:23 AM,10,3,2
B02617,7:33:28 AM,1,6,1
B02617,7:00:41 AM,6,6,5
B02512,7:33:55 AM,2,3,1
B02682,7:45:43 AM,2,5,1
B02765,7:22:24 AM,6,4,4
B02764,7:06:50 AM,2,4,1
B02617,7:54:58 AM,4,4,3
B02617,7:15:43 AM,9,4,1
B02682,7:30:07 AM,2,4,1
B02512,7:31:00 AM,3,3,3
B02512,7:56:54 AM,4,2,4
B02512,7:40:22 AM,4,2,1
B02617,7:29:53 AM,4,5,1
B02617,7:27:02 AM,4,8,5
B02682,7:04:02 AM,2,3,1
B02682,7:10:58 AM,4,1,1
B02617,7:46:25 AM,7,2,4
B02764,7:33:13 AM,3,2,1
B02682,7:53:39 AM,1,3,3
B02512,7:34:03 AM,6,0,5
B02764,7:11:03 AM,4,2,2
B02512,7:17:47 AM,1,1,2
B02765,7:24:30 AM,6,5,4
B02617,7:55:56 AM,3,2,4
B02598,7:10:59 AM,2,1,4
B02512,7:57:56 AM,1,3,5
B02764,7:06:47 AM,3,6,4
B02617,7:00:25 AM,2,4,2
B02512,7:01:55 AM,6,1,4
B02512,7:44:11 AM,6,0,4
B02512,7:23:22 AM,2,0,4
B02682,7:55:26 AM,1,2,1
B02617,7:29:42 AM,8,1,2
B02617,7:44:36 AM,4,6,4
B02617,7:15:02 AM,3,8,3
B02617,7:52:18 AM,5,6,5
B02617,7:38:54 AM,7,4,4
B02512,7:25:44 AM,3,2,5
B02682,7:30:12 AM,1,3,3
B02598,7:55:50 AM,4,5,1
B02617,7:32:35 AM,8,8,5
B02764,7:42:57 AM,5,4,5
B02617,7:20:25 AM,5,4,3
B02682,7:23:55 AM,4,6,2
B02617,7:20:27 AM,8,4,2
B02682,7:51:40 AM,1,4,2
B02682,7:49:10 AM,1,1,5
B02764,7:15:39 AM,4,6,5
B02617,7:46:39 AM,1,2,5
B02682,7:07:40 AM,3,6,4
B02598,7:16:09 AM,3,5,1
B02764,7:09:23 AM,2,5,1
B02617,7:17:37 AM,7,2,5
B02682,7:06:28 AM,3,4,5
B02512,7:05:03 AM,4,1,1
B02617,7:46:07 AM,10,1,3
B02617,7:16:18 AM,3,7,3
B02512,7:56:35 AM,1,2,2
B02682,7:19:35 AM,2,6,2
B02682,7:52:22 AM,4,6,2
B02617,7:14:32 AM,8,2,1
B02682,7:27:15 AM,4,2,2
B02682,7:52:52 AM,3,5,3
B02682,7:35:50 AM,1,2,5
B02617,7:42:22 AM,10,1,5
B02617,7:15:23 AM,1,4,2
B02682,7:45:32 AM,2,5,3
B02764,7:36:17 AM,1,4,5
B02617,7:04:49 AM,7,8,4
B02598,7:14:05 AM,3,3,4
B02617,7:13:16 AM,10,2,3
B02617,7:15:21 AM,2,6,5
B02512,7:38:48 AM,6,3,2
B02512,7:04:00 AM,2,2,4
B02617,7:53:52 AM,10,2,5
B02512,7:00:27 AM,4,3,1
B02682,7:19:51 AM,3,2,4
B02617,7:29:00 AM,4,2,3
B02617,7:24:07 AM,2,1,2
B02682,7:48:22 AM,1,6,5
B02617,7:11:20 AM,10,4,4
B02512,7:53:04 AM,1,0,2
B02617,7:05:27 AM,3,5,1
B02512,7:52:06 AM,6,2,5
B02617,7:57:47 AM,7,1,5
B02598,7:23:10 AM,4,7,4
B02598,7:33:07 AM,1,7,1
B02764,7:58:28 AM,3,2,1
B02598,7:34:24 AM,2,3,3
B02764,7:53:55 AM,2,3,5
B02764,7:18:35 AM,1,6,5
B02512,7:49:02 AM,2,2,3
B02598,7:12:43 AM,1,6,2
B02617,7:18:54 AM,3,3,2
B02512,7:42:09 AM,1,0,4
B02512,7:10:49 AM,6,2,5
B02617,7:21:32 AM,8,6,3
B02764,7:26:15 AM,2,4,2
B02617,7:50:15 AM,10,6,3
B02617,7:14:05 AM,7,8,1
B02617,7:05:11 AM,6,7,4
B02765,7:08:16 AM,1,4,4
B02512,7:58:38 AM,1,3,5
B02512,7:18:14 AM,4,0,4
B02617,7:48:14 AM,7,2,1
B02617,7:36:54 AM,1,5,1
B02512,7:50:11 AM,4,1,4
B02765,7:54:12 AM,3,1,2
B02617,7:07:05 AM,8,6,4
B02617,7:45:53 AM,4,6,5
B02512,7:07:36 AM,1,0,1
B02682,7:24:51 AM,4,2,4
B02512,7:48:32 AM,3,2,1
B02512,7:26:52 AM,2,3,2
B02512,7:39:31 AM,6,3,2
B02765,7:44:40 AM,1,6,4
B02764,7:51:39 AM,5,5,2
B02617,7:54:12 AM,3,8,4
B02682,7:50:24 AM,3,3,2
B02617,7:21:32 AM,2,3,2
B02764,7:49:50 AM,1,3,3
B02598,7:45:47 AM,3,4,5
B02617,7:25:19 AM,9,3,2
B02617,7:02:23 AM,1,1,2
B02617,7:43:39 AM,4,1,4
B02617,7:20:32 AM,9,6,5
B02512,7:28:07 AM,4,2,1
B02617,7:34:17 AM,8,1,5
B02617,7:15:32 AM,1,4,4
B02764,7:12:49 AM,1,3,3
B02764,7:54:24 AM,1,6,5
B02617,7:09:58 AM,7,1,4
B02617,7:43:39 AM,9,3,5
B02598,7:57:54 AM,4,5,5
B02617,7:53:38 AM,9,5,1
B02765,7:58:26 AM,3,6,5
B02512,7:59:03 AM,5,3,1
B02617,7:28:38 AM,5,8,5
B02598,7:50:44 AM,1,5,2
B02765,7:35:14 AM,3,3,5
B02617,7:31:16 AM,3,4,4
B02512,7:06:51 AM,5,3,3
B02765,7:02:17 AM,5,5,3
B02617,7:16:53 AM,1,5,2
B02617,7:18:23 AM,1,7,3
B02598,7:12:02 AM,3,3,3
B02682,7:04:08 AM,3,6,5
B02617,7:51:59 AM,8,6,4
B02617,7:45:52 AM,6,8,4
B02512,7:47:11 AM,4,0,2
B02682,7:55:37 AM,4,5,3
B02682,7:48:37 AM,4,2,1
B02617,7:56:44 AM,10,7,2
B02512,7:40:06 AM,1,2,4
B02765,7:25:49 AM,3,3,5
B02682,7:32:35 AM,2,2,5
B02617,7:35:43 AM,9,1,4
B02617,7:28:50 AM,8,5,5
B02598,7:50:48 AM,3,5,3
B02617,7:18:09 AM,5,5,3
B02617,7:55:05 AM,7,7,1
B02764,7:35:32 AM,4,1,1
B02617,7:17:02 AM,9,2,4
B02617,7:36:35 AM,1,7,2
B02512,7:51:17 AM,2,2,2
B02512,7:49:31 AM,4,0,5
B02764,7:16:01 AM,1,5,4
B02512,7:58:43 AM,6,2,4
B02512,7:06:19 AM,3,2,4
B02764,7:02:01 AM,3,4,4
B02764,7:06:05 AM,4,5,4
B02617,7:18:04 AM,2,8,1
B02764,7:32:13 AM,2,4,3
B02617,7:09:57 AM,3,6,4
B02765,7:51:59 AM,5,3,1
B02512,7:38:55 AM,3,0,2
B02512,7:46:30 AM,1,1,2
B02512,7:13:00 AM,4,0,1
B02617,7:15:29 AM,6,2,5
B02682,7:04:00 AM,1,5,1
B02512,7:53:25 AM,1,1,4
B02764,7:42:06 AM,3,3,3
B02617,7:15:30 AM,9,1,3
B02764,7:55:14 AM,4,1,2
B02512,7:31:57 AM,3,0,1
B02512,7:47:29 AM,2,0,2
B02764,7:20:50 AM,5,1,2
B02764,7:31:46 AM,4,2,3
B02764,7:20:14 AM,3,6,4
B02512,7:47:27 AM,5,1,3
B02617,7:28:19 AM,8,6,5
B02598,7:12:30 AM,4,5,5
B02682,7:55:48 AM,4,4,5
B02617,7:49:32 AM,5,5,4
B02765,7:29:57 AM,5,6,4
B02617,7:06:35 AM,9,4,4
B02512,7:02:06 AM,6,3,5
B02512,7:59:25 AM,3,2,2
B02764,7:57:04 AM,2,2,1
B02617,7:47:45 AM,6,4,4
B02512,7:16:53 AM,4,2,3
B02617,7:23:21 AM,8,1,4
B02764,7:26:01 AM,5,6,4
B02682,7:28:14 AM,3,1,2
B02617,7:36:45 AM,10,8,2
B02617,7:23:24 AM,2,8,4
B02617,7:54:47 AM,4,2,4
B02617,7:27:09 AM,5,4,2
B02617,7:04:24 AM,5,1,3
B02765,7:25:19 AM,6,2,4
B02682,7:33:33 AM,3,1,3
B02617,7:52:59 AM,7,2,3
B02682,7:02:57 AM,3,3,4
B02512,7:37:53 AM,5,0,2
B02764,7:31:27 AM,5,4,4
B02764,7:31:19 AM,4,3,1
B02682,7:38:01 AM,1,1,3
B02617,7:31:34 AM,2,8,4
B02512,7:17:42 AM,6,1,5
B02598,7:07:08 AM,4,2,5
B02682,7:23:44 AM,1,4,2
B02512,7:44:09 AM,5,0,4
B02598,7:09:51 AM,4,6,2
B02764,7:07:37 AM,1,5,5
B02512,7:26:04 AM,3,1,4
B02598,7:49:21 AM,4,1,3
B02512,7:09:43 AM,6,3,4
B02617,7:41:32 AM,4,1,4
B02764,7:00:47 AM,2,2,5
B02512,7:00:38 AM,2,3,1
B02617,7:48:15 AM,8,8,3
B02617,7:50:12 AM,10,6,3
B02682,7:10:15 AM,4,5,1
B02512,7:19:34 AM,4,1,5
B02617,7:31:30 AM,9,5,3
B02765,7:48:34 AM,3,4,3
B02682,7:58:07 AM,3,1,5
B02512,7:36:07 AM,5,2,1
B02512,7:24:37 AM,6,1,3
B02512,7:20:31 AM,4,1,4
B02764,7:18:01 AM,2,2,3
B02617,7:35:11 AM,5,6,2
B02617,7:07:47 AM,1,7,1
B02764,7:45:09 AM,3,2,2
B02682,7:35:10 AM,2,4,2
B02512,7:22:23 AM,6,3,4
B02764,7:32:51 AM,4,6,3
B02512,7:38:01 AM,4,3,1
B02512,7:27:16 AM,3,2,1
B02512,7:40:20 AM,3,2,5
B02598,7:52:59 AM,2,4,2
B02512,7:58:14 AM,4,0,3
B02617,7:23:04 AM,1,1,1
B02512,7:06:06 AM,2,2,5
B02512,7:53:42 AM,4,2,2
B02512,7:41:48 AM,1,3,3
B02512,7:38:29 AM,3,2,2
B02764,7:49:15 AM,5,4,2
B02682,7:30:37 AM,2,5,3
B02682,7:25:56 AM,4,5,1
B02682,7:44:11 AM,4,3,2
B02512,7:53:07 AM,4,2,2
B02764,7:31:23 AM,5,1,2
B02682,7:44:50 AM,2,4,2
B02598,7:15:18 AM,1,7,5
B02764,7:53:51 AM,4,2,4
B02617,7:01:35 AM,10,2,5
B02764,7:46:09 AM,2,6,1
B02764,7:36:41 AM,5,5,3
B02764,7:13:16 AM,3,2,3
B02617,7:32:49 AM,5,1,4
B02764,7:50:03 AM,4,2,3
B02764,7:19:27 AM,2,3,1
B02598,7:33:53 AM,3,2,2
B02682,7:55:04 AM,2,5,5
B02617,7:30:38 AM,1,6,2
B02617,7:59:46 AM,3,8,3
B02512,7:01:18 AM,3,0,2
B02764,7:55:33 AM,5,2,3
B02764,7:03:06 AM,3,4,4
B02765,7:06:40 AM,5,3,1
B02617,7:59:10 AM,7,8,2
B02512,7:50:39 AM,6,2,4
B02617,7:12:17 AM,2,7,2
B02617,7:44:32 AM,6,3,4
B02598,7:41:43 AM,2,5,1
B02512,7:53:43 AM,2,1,3
B02512,7:13:56 AM,3,3,3
B02764,7:36:34 AM,5,4,2
B02682,7:45:36 AM,2,3,3
B02512,7:20:49 AM,1,0,4
B02617,7:55:34 AM,10,2,5
B02682,7:58:34 AM,4,1,3
B02512,7:07:02 AM,4,2,4
B02617,7:22:15 AM,6,6,1
B02598,7:39:06 AM,1,6,1
B02617,7:12:44 AM,6,2,3
B02617,7:05:11 AM,4,7,4
B02598,7:55:12 AM,2,2,1
B02617,7:59:30 AM,4,5,3
B02512,7:17:56 AM,1,2,5
B02682,7:55:32 AM,1,4,3
B02682,7:08:41 AM,1,1,5
B02764,7:01:24 AM,4,6,4
B02598,7:45:21 AM,4,4,2
B02764,7:33:26 AM,5,4,1
B02617,7:41:10 AM,4,2,5
B02764,7:12:13 AM,5,2,4
B02598,7:55:45 AM,4,7,4
B02617,7:14:55 AM,9,2,1
B02617,7:56:47 AM,7,1,1
B02512,7:38:01 AM,5,2,4
B02512,7:27:21 AM,4,3,1
B02682,7:59:42 AM,2,5,1
B02765,7:55:56 AM,1,3,1
B02682,7:33:04 AM,2,6,1
B02682,7:33:55 AM,3,6,5
B02512,7:49:37 AM,6,0,3
B02598,7:02:17 AM,1,6,5
B02682,7:28:06 AM,2,2,2
B02617,7:36:59 AM,8,3,4
B02617,7:59:58 AM,7,8,5
B02682,7:18:01 AM,3,2,2
B02682,7:37:28 AM,4,2,3
B02764,7:11:31 AM,1,3,1
B02682,7:33:49 AM,1,1,4
B02682,7:14:07 AM,1,6,2
B02512,7:47:07 AM,1,1,1
B02617,7:59:39 AM,9,3,5
B02617,7:05:43 AM,3,7,3
B02512,7:27:39 AM,3,0,5
B02617,7:33:12 AM,4,3,1
B02512,7:36:27 AM,4,0,3
B02598,7:33:52 AM,4,1,1
B02617,7:24:36 AM,6,8,5
B02764,7:42:22 AM,2,4,4
B02682,7:41:50 AM,3,3,4
B02512,7:35:08 AM,5,2,3
B02617,7:48:00 AM,3,3,2
B02682,7:26:00 AM,1,6,2
B02512,7:10:22 AM,2,1,2
B02764,7:38:33 AM,4,5,1
B02617,7:34:29 AM,9,2,5
B02682,7:58:04 AM,3,1,4
B02617,7:42:57 AM,10,1,1
B02682,7:31:54 AM,2,2,3
B02617,7:18:26 AM,2,8,3
B02512,7:00:13 AM,3,1,4
B02512,7:04:03 AM,2,0,2
B02617,7:33:08 AM,2,6,5
B02617,7:24:44 AM,6,5,3
B02617,7:08:56 AM,8,8,4
B02617,7:41:35 AM,7,2,5
B02764,7:15:53 AM,5,5,4
B02764,7:03:34 AM,2,1,1
B02617,7:26:45 AM,3,4,3
B02512,7:56:17 AM,5,2,2
B02617,7:32:37 AM,7,6,5
B02598,7:45:18 AM,3,6,2
B02682,7:02:42 AM,3,4,2
B02764,7:34:17 AM,4,3,2
B02598,7:57:01 AM,4,1,5
B02617,7:36:47 AM,5,2,1
B02765,7:40:42 AM,6,5,3
B02682,7:15:46 AM,4,3,1
B02617,7:36:39 AM,6,4,5
B02682,7:20:12 AM,1,3,4
B02682,7:05:48 AM,2,4,3
B02512,7:22:35 AM,3,2,1
B02682,7:54:58 AM,4,4,4
B02512,7:43:03 AM,6,1,1
B02617,7:58:36 AM,3,3,4
B02598,7:45:14 AM,2,5,5
B02512,7:00:54 AM,1,0,5
B02512,7:29:56 AM,5,2,2
B02764,7:49:27 AM,1,4,4
B02617,7:55:10 AM,1,4,5
B02598,7:26:37 AM,2,5,2
B02512,7:28:16 AM,4,3,2
B02682,7:09:44 AM,2,1,3
B02617,7:40:33 AM,10,8,2
B02682,7:38:53 AM,2,3,3
B02764,7:24:00 AM,1,2,2
B02765,7:14:37 AM,1,2,2
B02617,7:51:02 AM,3,7,5
B02682,7:41:37 AM,3,1,2
B02617,7:27:33 AM,8,2,5
B02764,7:41:09 AM,1,5,1
B02617,7:03:59 AM,10,2,4
B02682,7:42:02 AM,2,6,2
B02682,7:07:43 AM,4,1,1
B02617,7:26:34 AM,2,6,3
B02682,7:35:37 AM,1,3,3
B02764,7:56:58 AM,5,4,2
B02512,7:58:29 AM,4,1,2
B02598,7:47:25 AM,3,2,3
B02682,7:41:52 AM,3,2,5
B02682,7:09:02 AM,4,3,5
B02617,7:20:23 AM,2,5,5
B02617,7:57:35 AM,8,8,4
B02617,7:54:18 AM,2,2,5
B02682,7:47:57 AM,4,4,4
B02682,7:41:26 AM,4,3,3
B02617,7:01:36 AM,3,2,4
B02512,7:40:25 AM,6,1,5
B02598,7:45:47 AM,1,3,4
B02617,7:50:49 AM,1,5,2
B02512,7:02:21 AM,6,1,2
B02617,7:23:19 AM,3,6,5
B02617,7:17:10 AM,10,2,5
B02682,7:50:23 AM,1,6,1
B02512,7:48:15 AM,2,0,3
B02764,7:04:34 AM,5,4,3
B02512,7:34:11 AM,1,1,4
B02512,7:17:38 AM,5,1,1
B02512,7:08:55 AM,5,2,1
B02617,7:42:11 AM,6,5,1
B02682,7:42:58 AM,2,5,3
B02682,7:44:28 AM,2,1,2
B02512,7:58:34 AM,4,3,5
B02764,7:12:08 AM,3,5,4
B02512,7:09:34 AM,3,1,4
B02598,7:15:49 AM,1,7,3
B02512,7:02:57 AM,4,1,5
B02682,7:43:45 AM,2,1,4
B02598,7:57:55 AM,4,2,2
B02598,7:35:38 AM,3,2,5
B02617,7:00:55 AM,10,2,1
B02765,7:24:30 AM,4,1,4
B02598,7:14:31 AM,4,1,5
B02598,7:50:28 AM,4,6,5
B02512,7:00:46 AM,2,0,3
B02617,7:15:26 AM,3,8,3
B02682,7:13:42 AM,1,5,3
B02682,7:03:27 AM,1,1,2
B02764,7:18:30 AM,1,1,3
B02764,7:03:03 AM,1,4,1
B02617,7:52:25 AM,10,3,2
B02682,7:14:32 AM,1,3,2
B02512,7:46:45 AM,2,1,5
B02764,7:06:33 AM,4,6,3
B02598,7:15:48 AM,2,7,4
B02682,7:05:37 AM,2,1,5
B02617,7:32:31 AM,8,4,5
B02617,7:23:27 AM,4,6,2
B02764,7:33:31 AM,3,5,4
B02598,7:12:24 AM,3,2,3
B02764,7:22:57 AM,4,6,4
B02617,7:12:00 AM,9,4,1
B02512,7:20:00 AM,4,2,1
B02617,7:35:15 AM,8,1,1
B02765,7:54:22 AM,4,1,2
B02764,7:27:59 AM,5,4,5
B02682,7:29:04 AM,4,1,3
B02682,7:57:12 AM,3,2,2
B02682,7:31:37 AM,1,1,1
B02617,7:38:27 AM,8,6,1
B02512,7:01:03 AM,2,1,1
B02617,7:51:36 AM,4,7,3
B02617,7:05:13 AM,10,1,1
B02682,7:42:00 AM,3,5,5
B02617,7:50:21 AM,7,2,4
B02682,7:12:40 AM,3,2,2
B02617,7:30:35 AM,7,2,3
B02764,7:56:57 AM,2,3,3
B02512,7:26:55 AM,4,0,3
B02617,7:12:05 AM,8,1,5
B02682,7:56:27 AM,1,6,4
B02765,7:04:29 AM,4,5,5
B02764,7:09:47 AM,4,2,5
B02617,7:36:11 AM,2,4,3
B02764,7:47:27 AM,1,3,2
B02512,7:30:59 AM,2,1,2
B02617,7:54:12 AM,1,5,2
B02617,7:15:54 AM,6,5,5
B02617,7:06:49 AM,10,1,4
B02617,7:41:16 AM,10,1,2
B02598,7:52:35 AM,1,3,5
B02598,7:56:00 AM,3,5,2
B02512,7:13:32 AM,4,2,3
B02617,7:45:59 AM,5,6,4
B02617,7:30:55 AM,4,2,2
B02617,7:08:29 AM,2,8,3
B02617,7:51:01 AM,7,4,2
B02764,7:23:23 AM,3,6,2
B02512,7:11:30 AM,2,1,4
B02682,7:32:30 AM,1,1,4
B02764,7:01:43 AM,2,1,5
B02512,7:30:35 AM,6,2,1
B02617,7:49:15 AM,9,5,5
B02617,7:41:16 AM,2,3,2
B02598,7:30:26 AM,1,3,3
B02512,7:06:22 AM,3,2,2
B02764,7:51:15 AM,3,4,1
B02598,7:46:58 AM,1,1,5
B02764,7:03:11 AM,3,6,3
B02617,7:04:24 AM,1,1,5
B02512,7:50:07 AM,2,1,4
B02512,7:48:23 AM,5,0,5
B02765,7:33:37 AM,1,6,2
B02617,7:50:51 AM,6,3,1
B02765,7:34:27 AM,2,1,3
B02764,7:57:31 AM,3,2,4
B02512,7:24:47 AM,6,1,1
B02617,7:28:58 AM,3,7,4
B02617,7:56:02 AM,2,6,2
B02764,7:29:58 AM,2,4,1
B02764,7:51:03 AM,5,2,4
B02764,7:13:48 AM,5,3,2
B02682,7:54:26 AM,1,6,3
B02617,7:39:50 AM,10,8,3
B02617,7:17:45 AM,5,7,1
B02765,7:58:05 AM,2,1,4
B02764,7:32:28 AM,2,3,4
B02598,7:30:09 AM,4,6,4
B02598,7:26:05 AM,2,1,5
B02617,7:47:09 AM,6,6,4
B02617,7:54:56 AM,10,5,2
B02764,7:06:51 AM,4,2,1
B02682,7:07:28 AM,2,1,5
B02512,7:21:06 AM,2,2,3
B02765,7:18:47 AM,2,4,4
B02512,7:41:38 AM,5,3,4
B02617,7:12:19 AM,1,5,1
B02617,7:48:25 AM,4,4,5
B02598,7:54:15 AM,2,5,5
B02764,7:33:38 AM,4,3,2
B02682,7:39:53 AM,3,2,5
B02617,7:48:52 AM,7,3,2
B02682,7:51:31 AM,4,5,4
B02617,7:05:34 AM,10,7,2
B02617,7:43:28 AM,1,5,3
B02598,7:05:16 AM,4,4,4
B02598,7:41:36 AM,4,2,1
B02617,7:15:09 AM,10,2,4
B02765,7:21:17 AM,5,5,1
B02598,7:52:22 AM,4,5,4
B02598,7:59:52 AM,2,2,5
B02682,7:07:33 AM,2,1,4
B02512,7:42:13 AM,3,3,2
B02598,7:12:05 AM,2,5,5
B02764,7:41:20 AM,1,1,4
B02617,7:04:22 AM,1,4,1
B02512,7:41:20 AM,2,1,2
B02617,7:15:51 AM,4,6,3
B02617,7:00:43 AM,10,8,1
B02764,7:03:53 AM,3,2,4
B02512,7:02:34 AM,4,1,2
B02617,7:36:15 AM,5,1,5
B02598,7:18:00 AM,2,5,4
B02764,7:51:22 AM,1,6,5
B02512,7:32:33 AM,4,3,2
B02617,7:13:24 AM,9,3,4
B02617,7:36:37 AM,8,7,4
B02765,7:54:46 AM,5,1,2
B02617,7:37:09 AM,5,6,2
B02617,7:31:04 AM,8,2,1
B02512,7:23:14 AM,4,3,3
B02598,7:05:49 AM,3,3,2
B02617,7:20:14 AM,8,6,4
B02764,7:37:55 AM,4,6,2
B02764,7:36:05 AM,1,2,5
B02764,7:47:59 AM,1,2,4
B02682,7:09:22 AM,1,3,2
B02617,7:47:59 AM,10,2,5
B02764,7:42:42 AM,2,4,4
B02765,7:25:51 AM,5,5,4
B02598,7:42:17 AM,3,7,5
B02512,7:00:39 AM,1,2,3
B02617,7:02:26 AM,5,2,3
B02617,7:24:42 AM,7,2,2
B02617,7:40:30 AM,5,5,4
B02764,7:04:42 AM,3,3,3
B02617,7:04:52 AM,4,8,3
B02617,7:38:15 AM,10,5,1
B02512,7:38:52 AM,4,0,5
B02765,7:50:04 AM,3,6,4
B02617,7:46:57 AM,7,3,1
B02617,7:55:30 AM,7,4,3
B02598,7:51:34 AM,3,3,3
B02682,7:19:43 AM,4,2,5
B02764,7:05:42 AM,3,5,3
B02512,7:51:05 AM,5,1,2
B02512,7:16:32 AM,3,0,2
B02764,7:22:42 AM,2,2,4
B02764,7:22:04 AM,2,4,2
B02617,7:24:58 AM,8,5,1
B02617,7:59:23 AM,6,2,3
B02682,7:49:29 AM,3,5,5
B02682,7:26:46 AM,4,4,5
B02682,7:00:02 AM,1,4,2
B02617,7:11:23 AM,5,4,2
B02598,7:58:55 AM,2,3,5
B02682,7:06:53 AM,3,2,3
B02682,7:01:23 AM,1,6,4
B02598,7:48:29 AM,3,4,5
B02617,7:36:34 AM,5,7,5
B02598,7:14:17 AM,4,3,3
B02764,7:07:53 AM,1,1,2
B02512,7:33:29 AM,5,2,4
B02512,7:39:34 AM,3,1,3
B02682,7:21:11 AM,1,6,5
B02617,7:47:54 AM,4,4,1
B02617,7:25:38 AM,5,4,4
B02764,7:07:17 AM,5,5,2
B02512,7:50:56 AM,1,0,4
B02764,7:49:39 AM,1,4,3
B02764,7:53:49 AM,4,5,5
B02512,7:24:00 AM,1,2,5
B02617,7:20:21 AM,6,1,5
B02764,7:57:01 AM,3,2,3
B02617,7:17:09 AM,3,1,4
B02682,7:27:17 AM,4,1,5
B02598,7:23:05 AM,2,6,5
B02598,7:04:26 AM,4,6,4
B02598,7:48:41 AM,2,5,4
B02512,7:11:56 AM,2,2,5
B02617,7:43:50 AM,6,5,2
B02512,7:06:40 AM,1,2,5
B02512,7:58:52 AM,6,2,4
B02617,7:59:08 AM,5,4,5
B02682,7:18:59 AM,4,2,5
B02682,7:16:01 AM,4,3,4
B02764,7:42:01 AM,1,3,5
B02598,7:25:30 AM,3,7,5
B02512,7:12:32 AM,6,0,3
B02617,7:01:12 AM,5,5,5
B02617,7:38:14 AM,2,8,3
B02512,7:14:06 AM,6,1,2
B02617,7:18:07 AM,1,6,5
B02764,7:45:42 AM,1,6,4
B02682,7:40:47 AM,3,4,1
B02764,7:33:48 AM,3,4,3
B02617,7:11:46 AM,9,3,2
B02512,7:29:31 AM,3,0,3
B02682,7:07:51 AM,3,5,5
B02617,7:30:21 AM,9,2,2
B02512,7:18:21 AM,3,0,3
B02682,7:04:49 AM,2,4,1
B02617,7:09:55 AM,2,1,1
B02617,7:12:30 AM,2,8,3
B02617,7:47:26 AM,4,2,4
B02764,7:50:07 AM,3,5,4
B02682,7:12:57 AM,4,5,3
B02512,7:55:49 AM,5,2,3
B02764,7:45:20 AM,2,4,4
B02598,7:12:26 AM,1,1,3
B02598,7:21:59 AM,1,6,5
B02512,7:46:24 AM,5,3,4
B02512,7:55:25 AM,2,2,3
B02682,7:04:15 AM,3,1,1
B02764,7:01:50 AM,5,4,5
B02765,7:07:06 AM,4,5,2
B02764,7:19:31 AM,3,1,5
B02617,7:06:18 AM,6,3,4
B02764,7:16:02 AM,1,4,2
B02617,7:01:47 AM,9,8,5
B02682,7:59:56 AM,2,4,4
B02617,7:52:32 AM,7,4,2
B02598,7:00:59 AM,4,2,5
B02617,7:31:35 AM,9,1,5
B02512,7:44:04 AM,1,0,4
B02512,7:48:24 AM,4,2,2
B02682,7:18:59 AM,2,5,1
B02598,7:11:46 AM,2,2,3
B02682,7:27:59 AM,2,4,3
B02598,7:11:49 AM,2,4,1
B02617,7:37:39 AM,5,5,2
B02512,7:53:59 AM,4,1,3
B02764,7:20:38 AM,2,5,4
B02512,7:32:50 AM,5,3,3
B02617,7:42:44 AM,5,4,3
B02617,7:25:50 AM,9,6,1
B02682,7:29:57 AM,2,1,3
B02765,7:53:39 AM,5,1,5
B02617,7:34:04 AM,1,7,1
B02512,7:45:41 AM,2,2,1
B02617,7:19:10 AM,6,1,4
B02682,7:40:10 AM,4,3,4
B02598,7:44:02 AM,2,2,2
B02682,7:03:44 AM,3,2,4
B02764,7:01:16 AM,3,2,4
B02598,7:45:26 AM,3,2,1
B02512,7:49:44 AM,6,3,2
B02682,7:32:30 AM,2,5,1
B02617,7:35:36 AM,8,4,1
B02682,7:33:11 AM,2,1,3
B02617,7:18:16 AM,2,2,4
B02765,7:53:47 AM,6,2,4
B02617,7:42:15 AM,5,3,5
B02682,7:17:32 AM,4,6,5
B02598,7:15:19 AM,3,6,4
B02765,7:42:43 AM,6,4,4
B02764,7:44:56 AM,5,6,2
B02682,7:10:57 AM,1,3,1
B02617,7:19:53 AM,4,6,3
B02512,7:53:57 AM,1,2,4
B02617,7:51:01 AM,5,5,4
B02512,7:48:16 AM,3,3,5
B02617,7:42:31 AM,1,3,4
B02617,7:14:34 AM,8,5,5
B02512,7:57:39 AM,2,1,2
B02598,7:40:11 AM,3,4,1
B02617,7:56:04 AM,10,5,2
B02617,7:02:24 AM,1,8,2
B02682,7:29:32 AM,3,2,2
B02512,7:30:15 AM,4,1,2
B02682,7:37:17 AM,1,4,1
B02764,7:10:44 AM,1,5,1
B02598,7:53:00 AM,2,4,3
B02617,7:00:05 AM,4,5,5
B02512,7:38:13 AM,2,3,1
B02512,7:51:38 AM,4,3,2
B02764,7:44:07 AM,1,1,4
B02598,7:10:33 AM,3,7,5
B02512,7:23:00 AM,6,2,5
B02617,7:26:41 AM,3,5,3
B02617,7:09:54 AM,2,5,3
B02617,7:11:47 AM,7,4,3
B02682,7:53:23 AM,1,1,5
B02598,7:26:10 AM,3,5,4
B02512,7:18:02 AM,3,0,1
B02765,7:38:19 AM,6,4,2
B02764,7:49:40 AM,3,6,5
B02682,7:14:42 AM,4,3,1
B02682,7:30:56 AM,4,1,3
B02765,7:56:20 AM,5,2,3
B02598,7:16:14 AM,2,6,4
B02617,7:58:27 AM,1,3,5
B02617,7:30:14 AM,3,8,5
B02617,7:31:49 AM,9,1,2
B02764,7:51:25 AM,1,1,5
B02512,7:50:58 AM,3,0,5
B02682,7:11:29 AM,4,2,2
B02682,7:33:24 AM,2,3,2
B02764,7:16:32 AM,1,5,2
B02764,7:26:38 AM,4,4,2
B02765,7:00:34 AM,4,5,3
B02764,7:14:09 AM,1,2,2
B02682,7:30:43 AM,3,3,4
B02617,7:59:21 AM,4,3,1
B02764,7:43:55 AM,1,2,1
B02512,7:58:17 AM,5,0,1
B02682,7:57:24 AM,4,5,1
B02764,7:39:04 AM,4,4,1
B02617,7:20:20 AM,2,1,4
B02512,7:02:00 AM,1,3,1
B02765,7:12:11 AM,4,1,5
B02764,7:27:19 AM,4,2,3
B02617,7:17:35 AM,10,5,3
B02598,7:26:29 AM,3,6,2
B02764,7:08:18 AM,1,6,3
B02617,7:49:35 AM,10,1,5
B02598,7:58:49 AM,3,5,1
B02598,7:12:03 AM,4,7,4
B02617,7:01:35 AM,2,7,3
B02682,7:10:39 AM,2,1,5
B02764,7:45:29 AM,1,3,1
B02765,7:55:02 AM,2,3,2
B02598,7:35:51 AM,4,3,5
B02682,7:18:03 AM,1,4,2
B02617,7:08:19 AM,10,2,2
B02598,7:11:22 AM,1,2,2
B02617,7:06:00 AM,10,8,3
B02617,7:27:53 AM,3,2,5
B02617,7:40:47 AM,1,7,4
B02512,7:24:17 AM,4,3,1
B02682,7:33:11 AM,4,6,1
B02764,7:33:48 AM,5,4,2
B02764,7:32:55 AM,3,6,5
B02512,7:58:29 AM,5,0,4
B02512,7:39:44 AM,3,3,4
B02764,7:19:30 AM,2,6,5
B02617,7:05:38 AM,2,7,1
B02764,7:58:51 AM,1,6,2
B02512,7:18:49 AM,5,1,2
B02764,7:19:39 AM,5,3,4
B02764,7:58:19 AM,1,5,2
B02617,7:43:48 AM,5,3,1
B02617,7:56:50 AM,10,6,1
B02598,7:07:01 AM,1,3,5
B02512,7:21:38 AM,4,3,5
B02764,7:07:29 AM,3,4,3
B02764,7:26:09 AM,2,5,4
B02598,7:14:29 AM,2,7,1
B02598,7:04:24 AM,2,1,2
B02682,7:12:10 AM,1,5,1
B02764,7:48:29 AM,5,5,4
B02617,7:10:38 AM,4,1,2
B02617,7:49:27 AM,1,8,4
B02617,7:51:32 AM,1,2,2
B02764,7:23:43 AM,5,5,1
B02764,7:40:51 AM,3,3,1
B02764,7:22:33 AM,1,3,2
B02682,7:09:11 AM,1,6,3
B02682,7:18:50 AM,1,4,3
B02617,7:18:57 AM,4,5,5
B02598,7:28:24 AM,1,3,5
B02512,7:47:21 AM,5,2,4
B02617,7:05:25 AM,8,8,5
B02682,7:08:25 AM,4,4,2
B02617,7:29:42 AM,1,5,4
B02512,7:29:44 AM,6,2,5
B02765,7:00:05 AM,6,3,1
B02617,7:28:42 AM,4,1,4
B02617,7:55:20 AM,5,3,2
B02617,7:32:54 AM,6,7,4
B02512,7:11:24 AM,6,0,4
B02512,7:14:14 AM,6,1,4
B02617,7:27:49 AM,5,8,2
B02512,7:55:27 AM,1,1,1
B02764,7:38:27 AM,1,5,1
B02765,7:49:49 AM,4,2,5
B02617,7:09:30 AM,9,4,5
B02512,7:54:04 AM,4,3,1
B02512,7:07:09 AM,3,1,5
B02682,7:14:14 AM,3,2,2
B02512,7:17:54 AM,6,3,1
B02682,7:51:39 AM,4,1,3
B02598,7:14:51 AM,3,7,2
B02682,7:36:30 AM,4,2,5
B02765,7:01:51 AM,2,4,1
B02617,7:24:00 AM,7,3,5
B02598,7:33:10 AM,1,5,4
B02682,7:12:38 AM,4,2,5
B02764,7:28:40 AM,4,6,5
B02682,7:29:53 AM,1,3,3
B02764,7:51:27 AM,4,4,5
B02598,7:45:30 AM,2,4,2
B02617,7:53:56 AM,1,2,5
B02682,7:29:30 AM,2,5,3
B02617,7:21:04 AM,6,8,1
B02617,7:38:36 AM,10,8,4
B02512,7:15:59 AM,1,0,4
B02617,7:12:26 AM,7,1,2
B02512,7:42:24 AM,6,1,4
B02617,7:56:34 AM,8,4,1
B02512,7:23:50 AM,1,3,1
B02617,7:16:41 AM,2,4,2
B02512,7:42:01 AM,3,0,4
B02617,7:54:01 AM,2,1,3
B02682,7:25:35 AM,3,2,3
B02765,7:24:55 AM,6,5,1
B02617,7:36:34 AM,2,6,2
B02764,7:52:59 AM,2,3,3
B02512,7:46:13 AM,1,0,5
B02764,7:44:45 AM,1,6,4
B02617,7:55:38 AM,10,5,3
B02617,7:58:38 AM,7,2,2
B02617,7:22:57 AM,2,7,1
B02682,7:52:16 AM,3,6,4
B02765,7:39:18 AM,5,2,2
B02617,7:33:46 AM,1,1,3
B02764,7:59:29 AM,4,4,3
B02598,7:10:44 AM,4,2,5
B02764,7:33:05 AM,4,6,1
B02617,7:55:43 AM,5,5,1
B02512,7:44:14 AM,2,2,4
B02512,7:29:55 AM,2,2,5
B02598,7:58:29 AM,3,4,5
B02764,7:29:15 AM,5,1,2
B02617,7:43:12 AM,4,1,3
B02764,7:52:17 AM,3,6,1
B02764,7:15:21 AM,2,6,3
B02617,7:54:56 AM,1,3,1
B02682,7:47:22 AM,1,4,4
B02764,7:36:16 AM,1,1,5
B02617,7:58:10 AM,5,8,5
B02765,7:31:11 AM,4,5,1
B02764,7:38:34 AM,1,2,4
B02617,7:28:04 AM,4,5,5
B02682,7:53:32 AM,4,2,5
B02617,7:33:41 AM,10,3,3
B02598,7:58:15 AM,3,5,3
B02512,7:56:41 AM,4,0,1
B02598,7:58:46 AM,1,7,2
B02764,7:41:34 AM,3,4,4
B02617,7:34:27 AM,3,5,5
B02764,7:21:19 AM,5,2,1
B02682,7:29:26 AM,4,3,2
B02617,7:05:53 AM,5,5,5
B02617,7:58:36 AM,9,8,4
B02682,7:17:00 AM,4,4,2
B02682,7:15:04 AM,3,2,4
B02682,7:14:46 AM,3,5,2
B02512,7:16:32 AM,4,3,1
B02617,7:10:28 AM,4,3,1
B02598,7:33:44 AM,4,7,5
B02764,7:54:33 AM,3,2,1
B02598,7:08:36 AM,3,5,5
B02682,7:38:23 AM,3,4,5
B02617,7:51:49 AM,5,6,1
B02765,7:10:23 AM,4,6,2
B02598,7:16:14 AM,1,5,5
B02512,7:07:06 AM,5,3,5
B02512,7:00:06 AM,2,3,5
B02765,7:19:58 AM,6,6,5
B02512,7:59:33 AM,3,3,3
B02617,7:13:39 AM,2,8,4
B02682,7:48:20 AM,3,5,2
B02617,7:33:50 AM,1,8,1
B02682,7:53:10 AM,4,4,2
B02512,7:37:02 AM,2,1,1
B02598,7:21:14 AM,3,5,2
B02764,7:56:52 AM,1,2,2
B02617,7:43:02 AM,2,5,3
B02598,7:50:21 AM,1,4,4
B02682,7:03:46 AM,1,4,4
B02617,7:52:05 AM,9,6,3
B02764,7:05:19 AM,4,6,3
B02598,7:34:38 AM,2,6,5
B02617,7:55:00 AM,10,7,4
B02765,7:31:15 AM,6,5,3
B02512,7:07:30 AM,1,1,5
B02617,7:51:31 AM,7,2,3
B02617,7:20:09 AM,9,8,4
B02512,7:16:26 AM,2,3,4
B02512,7:57:42 AM,1,0,4
B02682,7:56:33 AM,2,5,2
B02764,7:27:15 AM,1,5,4
B02512,7:34:45 AM,2,1,5
B02598,7:00:25 AM,3,6,4
B02617,7:32:02 AM,1,5,5
B02617,7:45:58 AM,10,2,4
B02512,7:56:13 AM,1,1,5
B02617,7:13:29 AM,9,4,1
B02617,7:21:36 AM,9,4,2
B02617,7:15:07 AM,8,3,1
B02617,7:07:16 AM,7,6,3
B02682,7:17:00 AM,2,1,3
B02764,7:14:29 AM,4,4,1
B02617,7:49:28 AM,3,5,3
B02764,7:37:12 AM,2,2,4
B02617,7:57:22 AM,3,7,1
B02764,7:13:28 AM,2,2,1
B02512,7:25:32 AM,6,3,1
B02598,7:35:24 AM,1,6,5
B02617,7:01:06 AM,4,1,5
B02598,7:51:43 AM,1,2,4
B02598,7:43:49 AM,4,3,1
B02617,7:36:27 AM,4,5,4
B02617,7:11:38 AM,2,8,4
B02682,7:12:17 AM,3,3,2
B02598,7:57:43 AM,2,7,4
B02617,7:04:55 AM,4,3,1
B02617,7:34:06 AM,2,5,5
B02764,7:29:50 AM,4,6,1
B02764,7:13:12 AM,2,4,4
B02617,7:45:53 AM,7,2,2
B02682,7:21:12 AM,1,1,3
B02617,7:16:08 AM,9,6,3
B02682,7:30:39 AM,3,2,5
B02764,7:49:31 AM,4,5,5
B02682,7:18:57 AM,1,1,4
B02764,7:48:18 AM,5,5,2
B02598,7:38:07 AM,3,6,2
B02682,7:57:29 AM,2,5,1
B02764,7:59:25 AM,2,1,5
B02682,7:56:14 AM,1,4,5
B02682,7:21:05 AM,2,6,3
B02617,7:40:09 AM,6,4,2
B02764,7:46:23 AM,4,1,4
B02682,7:56:15 AM,1,1,2
B02617,7:59:24 AM,9,5,1
B02617,7:24:29 AM,3,3,5
B02682,7:54:53 AM,1,5,2
B02512,7:05:53 AM,1,3,3
B02617,7:10:46 AM,8,2,5
B02598,7:12:56 AM,4,1,1
B02764,7:57:02 AM,5,3,1
B02617,7:57:17 AM,1,4,5
B02682,7:34:18 AM,2,4,2
B02764,7:38:36 AM,4,6,2
B02617,7:49:23 AM,4,2,3
B02765,7:53:46 AM,4,4,3
B02682,7:06:18 AM,3,2,4
B02617,7:52:49 AM,1,3,1
B02682,7:05:51 AM,2,1,4
B02598,7:32:38 AM,4,3,1
B02682,7:56:13 AM,2,4,2
B02682,7:54:25 AM,1,6,3
B02682,7:59:14 AM,1,3,2
B02617,7:18:19 AM,1,2,1
B02682,7:38:29 AM,2,6,1
B02512,7:28:22 AM,4,2,4
B02765,7:06:50 AM,3,5,3
B02512,7:36:48 AM,2,3,4
B02617,7:41:23 AM,4,5,2
B02764,7:44:27 AM,2,3,1
B02764,7:29:48 AM,1,3,2
B02764,7:42:02 AM,3,1,2
B02682,7:55:46 AM,4,2,1
B02617,7:49:44 AM,5,6,1
B02764,7:55:26 AM,3,3,1
B02598,7:05:55 AM,2,2,5
B02682,7:21:13 AM,3,1,3
B02617,7:46:13 AM,6,4,3
B02598,7:23:32 AM,2,5,4
B02512,7:56:10 AM,5,2,1
B02617,7:50:23 AM,3,2,4
B02617,7:20:53 AM,10,6,4
B02765,7:41:36 AM,2,1,2
B02617,7:40:37 AM,1,5,3
B02512,7:31:29 AM,3,1,4
B02512,7:26:05 AM,5,3,3
B02617,7:42:37 AM,2,4,1
B02682,7:18:54 AM,4,4,2
B02512,7:01:16 AM,3,0,1
B02512,7:43:13 AM,3,3,4
B02617,7:57:52 AM,9,4,2
B02598,7:04:06 AM,1,6,4
B02617,7:45:58 AM,9,7,1
B02617,7:09:03 AM,10,4,1
B02512,7:09:13 AM,5,0,4
B02682,7:48:26 AM,3,2,3
B02682,7:15:43 AM,4,4,5
B02764,7:17:06 AM,1,6,5
B02682,7:48:33 AM,3,1,3
B02617,7:18:20 AM,4,3,1
B02512,7:14:25 AM,6,3,5
B02765,7:16:31 AM,2,4,1
B02764,7:36:28 AM,3,4,4
B02682,7:48:53 AM,1,2,4
B02617,7:29:27 AM,1,7,2
B02512,7:30:15 AM,5,3,4
B02512,7:08:19 AM,5,2,3
B02764,7:00:04 AM,3,2,3
B02682,7:04:00 AM,2,3,2
B02617,7:34:02 AM,3,5,5
B02765,7:19:39 AM,1,3,2
B02512,7:23:08 AM,1,0,2
B02512,7:31:29 AM,3,1,3
B02617,7:36:05 AM,3,5,3
B02617,7:06:19 AM,8,5,1
B02512,7:37:41 AM,3,2,2
B02682,7:53:55 AM,1,1,3
B02765,7:12:44 AM,3,3,3
B02512,7:45:52 AM,3,3,2
B02617,7:31:55 AM,6,4,2
B02512,7:30:36 AM,4,2,3
B02598,7:53:28 AM,1,1,5
B02617,7:19:25 AM,5,7,5
B02512,7:43:45 AM,2,3,3
B02764,7:31:51 AM,5,1,4
B02617,7:15:17 AM,10,5,1
B02765,7:29:43 AM,3,2,1
B02598,7:30:24 AM,2,2,4
B02598,7:03:15 AM,3,3,3
B02617,7:57:17 AM,4,6,4
B02512,7:13:41 AM,4,2,2
B02682,7:54:54 AM,3,2,3
B02682,7:20:32 AM,1,1,4
B02512,7:48:04 AM,3,1,1
B02617,7:59:56 AM,10,5,5
B02682,7:56:18 AM,2,3,1
B02598,7:51:16 AM,4,4,2
B02764,7:45:51 AM,1,5,5
B02682,7:51:55 AM,4,6,3
B02598,7:52:16 AM,4,7,4
B02617,7:25:38 AM,10,3,4
B02765,7:11:51 AM,3,5,1
B02617,7:42:24 AM,10,7,5
B02512,7:55:44 AM,2,3,3
B02598,7:38:04 AM,4,2,5
B02764,7:19:23 AM,2,4,1
B02617,7:25:57 AM,4,7,5
B02764,7:57:50 AM,5,3,1
B02617,7:18:46 AM,10,5,5
B02617,7:44:34 AM,9,2,1
B02598,7:42:03 AM,4,1,3
B02512,7:38:30 AM,5,1,1
B02598,7:22:55 AM,2,4,5
B02682,7:24:25 AM,2,5,4
B02617,7:55:37 AM,6,5,2
B02598,7:06:12 AM,2,1,1
B02617,7:19:59 AM,2,2,1
B02598,7:13:14 AM,4,4,1
B02617,7:29:58 AM,9,3,4
B02617,7:52:32 AM,5,5,5
B02764,7:12:03 AM,4,2,3
B02617,7:19:27 AM,3,3,3
B02682,7:42:42 AM,1,1,3
B02598,7:22:32 AM,1,1,4
B02682,7:01:07 AM,1,5,1
B02598,7:54:28 AM,1,7,1
B02764,7:27:56 AM,2,3,2
B02682,7:35:03 AM,4,4,2
B02598,7:34:46 AM,3,3,2
B02617,7:56:33 AM,6,1,1
B02617,7:48:11 AM,4,5,1
B02682,7:36:41 AM,3,2,3
B02617,7:58:06 AM,8,7,2
B02682,7:52:34 AM,2,2,5
B02617,7:13:55 AM,1,1,1
B02764,7:18:04 AM,1,3,2
B02682,7:20:33 AM,1,3,4
B02682,7:19:06 AM,4,3,5
B02617,7:46:49 AM,8,7,4
B02764,7:08:40 AM,1,6,2
B02682,7:13:01 AM,4,2,3
B02512,7:36:56 AM,5,2,5
B02682,7:22:23 AM,3,2,1
B02682,7:06:39 AM,4,6,3
B02617,7:20:34 AM,5,5,3
B02682,7:41:32 AM,1,4,1
B02764,7:26:54 AM,4,5,4
B02682,7:06:42 AM,1,3,5
B02682,7:59:03 AM,4,1,2
B02682,7:15:22 AM,4,1,1
B02617,7:37:50 AM,8,4,5
B02512,7:15:25 AM,4,0,3
B02617,7:43:12 AM,5,6,2
B02512,7:01:50 AM,5,2,3
B02598,7:44:18 AM,3,7,5
B02617,7:02:22 AM,2,6,1
B02617,7:26:46 AM,10,6,3
B02617,7:58:24 AM,6,8,3
B02764,7:21:16 AM,3,1,4
B02512,7:51:27 AM,3,3,3
B02512,7:28:26 AM,5,3,3
B02682,7:50:16 AM,1,5,3
B02598,7:02:50 AM,3,4,5
B02598,7:10:24 AM,4,2,4
B02598,7:22:18 AM,4,2,2
B02682,7:05:30 AM,4,1,4
B02765,7:58:56 AM,2,5,3
B02617,7:12:56 AM,1,2,3
B02764,7:35:21 AM,1,1,3
B02512,7:30:45 AM,1,0,5
B02682,7:16:09 AM,2,2,5
B02617,7:43:57 AM,4,6,4
B02682,7:26:14 AM,2,4,4
B02617,7:48:05 AM,4,8,2
B02598,7:22:57 AM,3,7,4
B02764,7:42:22 AM,1,6,4
B02512,7:18:39 AM,3,3,5
B02764,7:03:52 AM,3,5,3
B02512,7:58:12 AM,6,3,3
B02617,7:44:43 AM,3,3,2
B02682,7:39:28 AM,3,3,3
B02765,7:02:03 AM,4,3,5
B02764,7:17:00 AM,3,1,2
B02764,7:51:28 AM,4,1,2
B02512,7:02:57 AM,3,0,1
B02512,7:46:58 AM,1,0,5
B02617,7:22:17 AM,1,8,5
B02682,7:28:31 AM,3,4,4
B02617,7:08:18 AM,6,2,2
B02682,7:45:24 AM,2,1,4
B02682,7:42:06 AM,1,2,2
B02764,7:06:23 AM,5,5,3
B02682,7:25:52 AM,2,3,2
B02617,7:11:12 AM,10,8,3
B02764,7:51:04 AM,4,2,1
B02617,7:24:09 AM,7,8,3
B02512,7:13:48 AM,1,0,1
B02512,7:35:56 AM,1,1,5
B02764,7:30:09 AM,1,6,5
B02617,7:16:21 AM,2,5,1
B02682,7:59:25 AM,2,5,2
B02617,7:04:53 AM,1,3,2
B02682,7:37:04 AM,2,1,4
B02682,7:27:45 AM,2,2,1
B02617,7:49:16 AM,7,3,5
B02617,7:07:07 AM,3,5,5
B02598,7:57:37 AM,3,5,3
B02512,7:40:03 AM,3,1,3
B02765,7:16:48 AM,6,4,3
B02764,7:44:10 AM,1,1,1
B02617,7:13:31 AM,2,1,5
B02765,7:01:18 AM,1,6,2
B02682,7:35:32 AM,4,1,2
B02682,7:49:44 AM,1,3,4
B02617,7:32:52 AM,5,7,2
B02512,7:47:36 AM,2,0,2
B02512,7:01:04 AM,3,2,3
B02682,7:07:49 AM,1,2,1
B02682,7:29:11 AM,4,4,5
B02617,7:36:27 AM,7,6,5
B02617,7:39:09 AM,2,6,4
B02512,7:28:17 AM,3,3,2
B02682,7:00:11 AM,1,2,1
B02682,7:53:27 AM,4,5,3
B02682,7:09:05 AM,3,3,2
B02512,7:09:50 AM,5,2,5
B02682,7:58:58 AM,3,6,1
B02765,7:57:10 AM,5,5,2
B02764,7:58:44 AM,4,6,4
B02764,7:44:43 AM,3,2,3
B02617,7:00:41 AM,3,8,3
B02512,7:40:20 AM,6,3,4
B02682,7:20:58 AM,2,2,1
B02617,7:05:42 AM,10,4,5
B02617,7:26:53 AM,5,2,2
B02598,7:30:15 AM,2,5,2
B02764,7:47:08 AM,3,4,2
B02617,7:24:28 AM,4,5,2
B02512,7:08:10 AM,1,0,5
B02764,7:04:12 AM,4,5,4
B02512,7:01:18 AM,6,2,5
B02682,7:56:16 AM,2,2,1
B02682,7:21:32 AM,1,6,1
B02598,7:18:31 AM,2,5,3
B02682,7:36:23 AM,3,4,2
B02617,7:21:42 AM,8,3,3
B02512,7:37:50 AM,2,3,1
B02598,7:24:26 AM,4,3,4
B02682,7:07:01 AM,3,4,3
B02682,7:25:30 AM,2,5,1
B02512,7:07:41 AM,3,0,4
B02617,7:45:12 AM,8,2,5
B02765,7:25:17 AM,2,2,2
B02512,7:28:47 AM,4,2,3
B02617,7:48:41 AM,8,1,4
B02512,7:36:14 AM,1,3,2
B02598,7:05:59 AM,3,4,3
B02765,7:06:51 AM,4,5,2
B02617,7:00:52 AM,6,7,3
B02765,7:51:20 AM,6,4,3
B02682,7:50:41 AM,4,4,1
B02598,7:01:34 AM,3,6,3
B02617,7:58:46 AM,1,7,2
B02764,7:45:04 AM,3,2,5
B02682,7:54:52 AM,4,5,3
B02617,7:07:46 AM,7,7,4
B02764,7:44:20 AM,3,2,3
B02598,7:11:41 AM,1,2,1
B02764,7:16:12 AM,5,6,5
B02512,7:35:01 AM,3,2,4
B02764,7:57:08 AM,5,4,4
B02617,7:02:22 AM,1,6,2
B02682,7:40:28 AM,1,4,1
B02617,7:51:32 AM,8,8,5
B02765,7:50:21 AM,1,3,4
B02598,7:33:49 AM,2,5,1
B02598,7:49:58 AM,2,7,2
B02764,7:20:47 AM,1,1,2
B02764,7:45:26 AM,3,6,1
B02598,7:55:49 AM,3,4,3
B02598,7:11:20 AM,4,6,5
B02617,7:59:58 AM,1,2,4
B02617,7:48:56 AM,8,7,4
B02765,7:15:54 AM,6,4,1
B02682,7:50:59 AM,3,6,2
B02598,7:35:48 AM,2,6,5
B02682,7:57:53 AM,1,1,4
B02765,7:42:14 AM,1,3,2
B02765,7:27:53 AM,6,2,2
B02617,7:39:16 AM,4,4,1
B02512,7:12:33 AM,5,0,1
B02598,7:10:29 AM,2,3,2
B02764,7:56:06 AM,4,3,2
B02617,7:00:38 AM,10,3,3
B02764,7:40:39 AM,1,2,3
B02764,7:23:03 AM,2,2,4
B02598,7:58:33 AM,1,3,5
B02512,7:40:57 AM,3,3,2
B02682,7:16:11 AM,3,2,2
B02617,7:01:43 AM,10,2,1
B02764,7:02:10 AM,4,6,4
B02617,7:58:57 AM,2,8,5
B02617,7:52:45 AM,10,8,4
B02617,7:45:15 AM,3,3,1
B02765,7:22:24 AM,4,1,4
B02617,7:24:10 AM,3,5,4
B02764,7:32:02 AM,4,5,3
B02764,7:04:36 AM,3,5,2
B02764,7:51:18 AM,1,5,1
B02764,7:10:10 AM,2,2,5
B02682,7:42:49 AM,2,5,3
B02617,7:23:40 AM,1,7,2
B02617,7:55:48 AM,1,6,3
B02765,7:35:59 AM,6,2,4
B02617,7:59:32 AM,2,1,3
B02617,7:51:21 AM,7,1,1
B02765,7:41:40 AM,4,5,3
B02512,7:40:38 AM,2,1,5
B02682,7:40:58 AM,3,6,1
B02512,7:48:44 AM,2,2,1
B02617,7:58:32 AM,9,5,1
B02598,7:20:51 AM,4,3,5
B02765,7:17:21 AM,3,2,4
B02682,7:14:30 AM,3,3,1
B02764,7:53:48 AM,2,4,4
B02598,7:15:35 AM,3,4,5
B02682,7:57:14 AM,2,4,2
B02617,7:19:45 AM,3,1,1
B02682,7:44:49 AM,2,6,1
B02617,7:29:27 AM,2,3,4
B02617,7:09:46 AM,7,8,1
B02512,7:50:36 AM,5,1,1
B02512,7:04:13 AM,3,1,1
B02598,7:01:15 AM,3,1,4
B02682,7:20:41 AM,4,5,3
B02682,7:14:36 AM,2,1,3
B02617,7:05:24 AM,7,4,5
B02682,7:00:16 AM,2,5,2
B02512,7:42:14 AM,2,3,5
B02765,7:49:56 AM,3,5,2
B02682,7:44:13 AM,3,3,4
B02617,7:51:26 AM,8,5,4
B02617,7:55:16 AM,10,7,2
B02617,7:02:15 AM,8,2,3
B02617,7:47:17 AM,4,8,4
B02764,7:15:27 AM,3,6,3
B02512,7:10:35 AM,1,1,2
B02764,7:15:31 AM,4,5,4
B02617,7:02:11 AM,9,2,2
B02682,7:48:04 AM,3,3,5
B02512,7:14:25 AM,4,1,1
B02598,7:46:29 AM,3,1,5
B02765,7:08:04 AM,3,2,3
B02617,7:37:31 AM,5,5,5
B02765,7:13:54 AM,6,4,5
B02512,7:50:00 AM,1,1,5
B02682,7:02:57 AM,1,1,3
B02682,7:48:51 AM,1,2,2
B02764,7:17:31 AM,5,5,1
B02598,7:40:29 AM,3,6,5
B02764,7:43:14 AM,1,5,3
B02682,7:33:49 AM,4,6,1
B02512,7:52:39 AM,5,2,5
B02512,7:16:32 AM,4,3,3
B02764,7:22:05 AM,1,3,5
B02598,7:46:48 AM,3,1,1
B02617,7:19:45 AM,6,5,5
B02617,7:42:35 AM,6,4,1
B02598,7:19:15 AM,1,6,4
B02764,7:40:23 AM,1,4,5
B02617,7:30:10 AM,9,4,5
B02682,7:25:27 AM,3,1,5
B02682,7:32:36 AM,1,2,2
B02617,7:30:40 AM,10,4,5
B02617,7:59:01 AM,5,1,1
B02682,7:37:44 AM,3,4,2
B02617,7:59:40 AM,9,2,1
B02765,7:15:22 AM,5,5,1
B02617,7:45:37 AM,10,8,2
B02617,7:40:38 AM,5,2,1
B02617,7:36:13 AM,3,3,3
B02764,7:35:23 AM,3,3,4
B02512,7:26:06 AM,6,3,4
B02617,7:25:05 AM,9,2,2
B02512,7:09:09 AM,5,3,4
B02512,7:33:54 AM,5,0,4
B02512,7:03:14 AM,5,0,2
B02512,7:36:50 AM,5,3,5
B02764,7:02:01 AM,5,1,3
B02512,7:47:19 AM,2,2,5
B02512,7:30:14 AM,4,3,1
B02765,7:41:36 AM,2,3,1
B02617,7:31:31 AM,3,6,4
B02617,7:29:50 AM,4,7,3
B02512,7:56:34 AM,3,3,3
B02512,7:16:28 AM,6,3,4
B02598,7:02:46 AM,4,1,2
B02764,7:15:16 AM,1,2,1
B02764,7:20:00 AM,1,1,4
B02682,7:58:10 AM,2,1,3
B02617,7:23:34 AM,2,6,5
B02617,7:24:53 AM,8,4,1
B02512,7:22:00 AM,2,3,3
B02682,7:16:01 AM,2,4,1
B02512,7:46:57 AM,5,3,4
B02512,7:46:50 AM,2,3,3
B02617,7:07:07 AM,2,5,3
B02512,7:08:45 AM,6,0,5
B02682,7:25:20 AM,3,5,4
B02764,7:20:24 AM,3,1,3
B02512,7:30:02 AM,3,0,4
B02617,7:58:19 AM,2,2,2
B02617,7:37:02 AM,6,6,4
B02682,7:59:31 AM,2,3,5
B02682,7:26:04 AM,3,6,5
B02598,7:25:55 AM,2,1,2
B02617,7:11:59 AM,5,7,4
B02764,7:02:40 AM,3,4,3
B02617,7:05:58 AM,9,4,1
B02764,7:01:41 AM,3,4,1
B02682,7:12:33 AM,4,3,4
B02512,7:07:50 AM,1,1,4
B02682,7:24:36 AM,1,5,1
B02764,7:44:51 AM,2,1,2
B02617,7:48:32 AM,5,5,2
B02512,7:47:21 AM,1,3,1
B02617,7:28:59 AM,3,1,2
B02598,7:34:57 AM,4,5,3
B02682,7:27:51 AM,3,6,1
B02764,7:42:29 AM,5,3,1
B02765,7:18:41 AM,4,4,2
B02512,7:31:43 AM,5,2,3
B02765,7:02:34 AM,4,4,3
B02598,7:45:39 AM,2,1,2
B02682,7:01:52 AM,4,5,1
B02598,7:24:34 AM,4,2,1
B02682,7:20:55 AM,4,5,1
B02512,7:00:08 AM,1,1,1
B02617,7:17:18 AM,1,7,5
B02682,7:13:38 AM,4,4,5
B02512,7:28:06 AM,1,0,1
B02617,7:49:46 AM,1,7,1
B02617,7:59:52 AM,7,8,1
B02764,7:04:59 AM,4,1,5
B02617,7:36:31 AM,8,3,4
B02598,7:59:02 AM,3,2,3
B02512,7:41:19 AM,5,3,1
B02764,7:59:59 AM,4,5,5
B02682,7:59:21 AM,2,3,4
B02682,7:45:20 AM,1,2,4
B02512,7:29:04 AM,6,2,1
B02682,7:19:21 AM,4,4,4
B02764,7:37:56 AM,1,6,3
B02764,7:49:46 AM,2,3,1
B02617,7:18:55 AM,10,4,2
B02682,7:13:00 AM,4,4,1
B02598,7:32:26 AM,3,6,3
B02512,7:27:09 AM,2,3,1
B02682,7:38:47 AM,4,1,3
B02682,7:09:21 AM,2,3,1
B02512,7:04:08 AM,3,3,2
B02617,7:05:25 AM,10,3,1
B02617,7:35:55 AM,5,6,4
B02617,7:58:26 AM,8,2,5
B02512,7:17:45 AM,3,2,3
B02764,7:55:55 AM,3,6,2
B02617,7:46:38 AM,4,5,2
B02617,7:08:03 AM,10,2,1
B02765,7:04:24 AM,1,3,5
B02682,7:42:25 AM,3,3,4
B02512,7:24:49 AM,1,3,2
B02764,7:23:31 AM,2,2,5
B02617,7:28:41 AM,10,1,2
B02617,7:17:48 AM,10,3,5
B02512,7:29:06 AM,3,1,5
B02764,7:35:00 AM,2,6,2
B02598,7:50:34 AM,1,7,4
B02617,7:09:29 AM,1,5,5
B02764,7:46:20 AM,3,4,5
B02512,7:48:02 AM,4,2,1
B02617,7:22:14 AM,8,5,2
B02682,7:27:07 AM,3,4,5
B02598,7:47:31 AM,4,1,2
B02682,7:03:41 AM,2,4,1
B02765,7:52:26 AM,6,1,1
B02764,7:11:07 AM,5,1,1
B02682,7:09:13 AM,2,5,1
B02617,7:51:01 AM,9,7,2
B02617,7:23:19 AM,5,7,1
B02512,7:26:52 AM,2,3,3
B02512,7:58:04 AM,4,0,2
B02682,7:06:23 AM,4,1,2
B02598,7:01:35 AM,3,4,3
B02617,7:10:26 AM,1,2,4
B02682,7:52:33 AM,1,6,1
B02617,7:34:27 AM,7,3,4
B02617,7:31:29 AM,1,6,1
B02512,7:10:49 AM,4,3,2
B02598,7:55:29 AM,1,7,1
B02617,7:14:41 AM,6,2,4
B02764,7:49:36 AM,3,5,5
B02598,7:04:48 AM,2,7,2
B02512,7:49:34 AM,1,3,2
B02682,7:33:34 AM,3,6,4
B02765,7:25:12 AM,5,2,1
B02617,7:15:39 AM,6,2,2
B02764,7:01:41 AM,1,4,3
B02682,7:33:44 AM,4,4,5
B02764,7:09:03 AM,3,6,2
B02512,7:03:34 AM,1,2,1
B02682,7:43:33 AM,4,2,3
B02765,7:09:25 AM,4,6,4
B02617,7:26:07 AM,2,2,1
B02617,7:21:48 AM,1,1,1
B02598,7:34:48 AM,1,3,2
B02617,7:07:31 AM,2,4,1
B02764,7:48:31 AM,1,6,5
B02617,7:13:09 AM,9,6,4
B02617,7:26:51 AM,2,3,4
B02617,7:55:30 AM,9,2,3
B02598,7:53:38 AM,3,4,1
B02764,7:18:58 AM,5,3,2
B02512,7:17:17 AM,5,2,1
B02512,7:07:17 AM,1,0,1
B02512,7:27:44 AM,5,1,2
B02617,7:12:25 AM,10,8,3
B02765,7:47:22 AM,3,2,2
B02598,7:05:36 AM,4,1,4
B02598,7:09:09 AM,3,6,3
B02617,7:04:49 AM,2,8,3
B02598,7:18:49 AM,3,4,5
B02765,7:16:12 AM,5,4,3
B02764,7:22:18 AM,3,4,1
B02512,7:40:20 AM,4,0,1
B02682,7:10:51 AM,2,1,2
B02764,7:55:18 AM,2,1,3
B02617,7:52:20 AM,1,5,3
B02764,7:21:22 AM,3,3,3
B02764,7:35:41 AM,5,5,2
B02598,7:03:09 AM,4,3,5
B02617,7:13:16 AM,1,5,4
B02598,7:52:26 AM,3,4,5
B02682,7:01:44 AM,1,4,5
B02617,7:52:35 AM,7,6,4
B02682,7:16:17 AM,2,3,1
B02617,7:34:39 AM,10,8,1
B02765,7:15:32 AM,5,1,2
B02764,7:49:18 AM,3,2,1
B02617,7:40:56 AM,8,4,1
B02512,7:53:38 AM,6,0,4
B02765,7:24:14 AM,2,4,4
B02512,7:18:34 AM,4,0,4
B02764,7:34:01 AM,4,4,5
B02617,7:06:06 AM,10,5,4
B02617,7:54:32 AM,4,2,3
B02617,7:11:27 AM,1,6,2
B02512,7:01:01 AM,3,1,5
B02598,7:03:42 AM,2,4,1
B02682,7:48:28 AM,1,1,3
B02764,7:19:17 AM,4,4,4
B02512,7:53:24 AM,4,3,2
B02765,7:32:41 AM,2,1,3
B02617,7:26:29 AM,9,4,2
B02764,7:55:22 AM,1,5,2
B02617,7:46:12 AM,9,7,1
B02764,7:48:35 AM,2,1,2
B02617,7:36:04 AM,1,7,4
B02765,7:31:17 AM,5,6,1
B02617,7:31:12 AM,3,1,1
B02598,7:10:53 AM,3,6,1
B02598,7:21:02 AM,3,1,5
B02617,7:34:04 AM,3,5,3
B02617,7:47:25 AM,9,4,2
B02617,7:54:33 AM,2,7,1
B02512,7:34:47 AM,2,0,5
B02764,7:44:03 AM,5,6,4
B02682,7:19:02 AM,2,6,2
B02682,7:19:28 AM,2,1,5
B02512,7:11:23 AM,4,0,2
B02682,7:50:58 AM,2,6,2
B02617,7:57:24 AM,6,7,5
B02512,7:25:10 AM,1,0,1
B02598,7:18:28 AM,3,1,3
B02764,7:49:57 AM,2,3,2
B02764,7:29:28 AM,1,4,1
B02765,7:24:13 AM,1,3,1
B02617,7:15:05 AM,3,8,5
B02764,7:12:43 AM,4,5,5
B02512,7:31:33 AM,6,0,5
B02765,7:26:38 AM,1,3,1
B02617,7:40:38 AM,3,5,4
B02764,7:20:27 AM,4,5,3
B02682,7:28:09 AM,2,5,5
B02598,7:29:50 AM,2,7,4
B02765,7:14:07 AM,4,4,2
B02617,7:16:50 AM,3,5,4
B02617,7:13:58 AM,1,4,2
B02682,7:29:59 AM,4,3,4
B02617,7:15:42 AM,2,5,2
B02682,7:04:51 AM,4,4,3
B02765,7:04:54 AM,5,1,4
B02764,7:09:31 AM,4,5,1
B02512,7:34:15 AM,2,2,4
B02617,7:13:53 AM,7,3,3
B02765,7:57:04 AM,2,6,2
B02682,7:08:35 AM,3,3,5
B02617,7:33:36 AM,10,8,4
B02682,7:24:08 AM,4,6,5
B02617,7:55:11 AM,9,5,3
B02617,7:01:55 AM,5,8,4
B02617,7:26:14 AM,8,1,1
B02617,7:47:49 AM,10,5,1
B02617,7:27:42 AM,8,5,4
B02598,7:23:00 AM,2,6,5
B02598,7:30:24 AM,4,2,5
B02512,7:41:50 AM,5,0,3
B02598,7:12:39 AM,1,4,2
B02598,7:39:33 AM,1,1,1
B02512,7:44:28 AM,3,3,3
B02682,7:47:51 AM,2,3,4
B02764,7:36:15 AM,4,2,2
B02598,7:59:32 AM,3,7,2
B02682,7:07:19 AM,1,1,5
B02682,7:59:34 AM,3,6,4
B02512,7:32:44 AM,4,2,5
B02598,7:17:41 AM,2,7,1
B02617,7:32:22 AM,3,6,4
B02617,7:15:47 AM,10,7,2
B02764,7:29:51 AM,4,5,4
B02598,7:44:42 AM,1,3,4
B02764,7:40:58 AM,3,4,2
B02598,7:42:18 AM,4,6,2
B02764,7:08:36 AM,5,6,4
B02765,7:02:27 AM,5,1,5
B02682,7:40:37 AM,1,3,4
B02617,7:35:28 AM,8,1,5
B02617,7:21:12 AM,8,4,4
B02512,7:17:03 AM,5,0,5
B02617,7:05:03 AM,7,8,2
B02682,7:46:48 AM,4,2,3
B02617,7:27:56 AM,4,1,2
B02764,7:49:12 AM,2,1,5
B02682,7:27:39 AM,2,1,2
B02598,7:34:20 AM,1,4,4
B02617,7:23:28 AM,8,8,2
B02617,7:32:04 AM,1,6,5
B02764,7:42:43 AM,1,4,5
B02764,7:02:42 AM,4,6,5
B02764,7:38:53 AM,5,4,1
B02682,7:53:36 AM,4,1,4
B02598,7:41:35 AM,3,2,1
B02764,7:34:12 AM,4,1,4
B02617,7:17:24 AM,8,2,1
B02617,7:28:23 AM,4,6,5
B02682,7:43:51 AM,1,5,5
B02598,7:22:02 AM,3,2,2
B02617,7:33:34 AM,3,1,4
B02598,7:53:45 AM,3,1,1
B02764,7:32:22 AM,4,5,3
B02512,7:09:29 AM,6,3,5
B02764,7:04:29 AM,3,4,3
B02764,7:57:40 AM,4,5,3
B02764,7:41:53 AM,1,4,1
B02764,7:11:56 AM,1,4,3
B02682,7:33:10 AM,1,2,1
B02682,7:10:42 AM,1,2,5
B02682,7:54:54 AM,1,3,3
B02682,7:03:39 AM,3,1,3
B02682,7:40:20 AM,2,6,2
B02617,7:09:28 AM,4,7,5
B02617,7:02:01 AM,6,4,5
B02512,7:13:43 AM,5,1,2
B02617,7:09:17 AM,9,4,1
B02617,7:12:38 AM,2,3,2
B02617,7:04:59 AM,1,2,2
B02765,7:27:40 AM,5,6,2
B02617,7:47:44 AM,8,7,1
B02682,7:25:30 AM,1,1,2
B02512,7:26:10 AM,3,1,1
B02765,7:35:42 AM,2,2,1
B02617,7:12:25 AM,10,1,1
B02617,7:17:38 AM,8,7,5
B02765,7:12:07 AM,6,5,2
B02617,7:33:07 AM,4,5,4
B02617,7:15:57 AM,2,8,2
B02598,7:19:41 AM,4,7,4
B02764,7:39:42 AM,5,5,4
B02598,7:42:29 AM,1,3,5
B02512,7:46:26 AM,2,3,5
B02682,7:52:41 AM,4,5,3
B02598,7:05:40 AM,2,4,2
B02617,7:42:20 AM,4,6,3
B02617,7:34:11 AM,5,2,4
B02512,7:18:35 AM,1,1,3
B02682,7:37:03 AM,4,6,4
B02682,7:23:00 AM,2,3,1
B02682,7:10:52 AM,3,3,3
B02598,7:58:04 AM,4,1,2
B02764,7:07:30 AM,4,3,4
B02598,7:58:43 AM,1,2,4
B02682,7:40:41 AM,3,1,1
B02764,7:32:18 AM,3,2,2
B02598,7:05:04 AM,3,7,1
B02617,7:08:21 AM,9,4,2
B02765,7:43:38 AM,5,6,1
B02617,7:31:35 AM,3,1,4
B02512,7:37:24 AM,3,2,3
B02765,7:21:58 AM,4,5,5
B02617,7:22:29 AM,3,5,5
B02598,7:30:16 AM,3,5,2
B02764,7:48:51 AM,4,3,3
B02682,7:35:04 AM,3,6,4
B02512,7:34:14 AM,3,3,4
B02617,7:10:21 AM,10,6,3
B02512,7:57:25 AM,1,0,5
B02765,7:49:25 AM,4,4,2
B02682,7:21:51 AM,1,3,2
B02764,7:51:07 AM,3,1,4
B02764,7:11:19 AM,4,4,1
B02617,7:14:31 AM,9,8,4
B02512,7:51:22 AM,1,1,3
B02617,7:02:01 AM,10,3,1
B02617,7:18:47 AM,3,1,2
B02764,7:15:34 AM,2,5,5
B02617,7:50:06 AM,10,7,1
B02617,7:48:37 AM,7,6,2
B02765,7:59:25 AM,3,6,3
B02512,7:30:54 AM,2,3,2
B02512,7:44:16 AM,4,0,2
B02617,7:13:48 AM,10,1,4
B02617,7:26:10 AM,10,2,4
B02765,7:57:28 AM,4,6,1
B02682,7:14:07 AM,4,1,4
B02764,7:52:01 AM,5,4,1
B02617,7:57:02 AM,8,4,5
B02617,7:24:10 AM,9,2,1
B02764,7:09:38 AM,2,5,1
B02512,7:13:51 AM,4,0,1
B02512,7:57:33 AM,1,3,3
B02598,7:18:37 AM,3,1,3
B02617,7:58:36 AM,3,3,4
B02617,7:49:59 AM,6,4,1
B02512,7:56:00 AM,6,0,5
B02617,7:40:06 AM,8,4,1
B02617,7:17:18 AM,10,2,3
B02512,7:34:09 AM,3,0,2
B02512,7:51:52 AM,3,1,2
B02617,7:05:01 AM,4,1,2
B02682,7:30:51 AM,2,3,3
B02512,7:35:29 AM,3,3,2
B02682,7:08:28 AM,3,2,4
B02598,7:11:08 AM,2,6,3
B02617,7:50:11 AM,1,6,3
B02764,7:13:57 AM,3,4,5
B02682,7:29:26 AM,1,4,3
B02512,7:48:35 AM,6,3,4
B02617,7:19:00 AM,10,8,4
B02682,7:22:21 AM,2,4,3
B02617,7:00:48 AM,5,4,3
B02682,7:49:08 AM,4,6,3
B02682,7:10:55 AM,1,4,5
B02617,7:04:20 AM,6,1,3
B02682,7:22:12 AM,2,1,1
B02617,7:41:01 AM,7,2,4
B02682,7:51:37 AM,4,5,5
B02764,7:29:58 AM,3,5,5
B02512,7:03:28 AM,4,2,1
B02617,7:11:41 AM,5,5,2
B02764,7:07:08 AM,3,5,5
B02682,7:25:02 AM,1,1,3
B02764,7:09:41 AM,3,1,2
B02598,7:47:01 AM,2,5,2
B02617,7:46:38 AM,7,7,2
B02598,7:14:00 AM,1,4,4
B02512,7:11:46 AM,5,3,3
B02764,7:32:27 AM,5,1,4
B02617,7:04:18 AM,10,4,5
B02617,7:41:08 AM,5,6,2
B02617,7:18:13 AM,4,7,1
B02512,7:27:04 AM,4,2,4
B02617,7:36:36 AM,3,3,1
B02682,7:30:28 AM,4,5,5
B02617,7:48:53 AM,4,2,2
B02764,7:31:52 AM,4,4,3
B02764,7:50:49 AM,4,6,5
B02617,7:22:27 AM,7,3,2
B02764,7:50:31 AM,4,3,1
B02765,7:56:15 AM,2,4,3
B02682,7:24:52 AM,3,1,2
B02617,7:48:21 AM,1,7,4
B02617,7:38:32 AM,3,6,2
B02764,7:00:32 AM,4,5,1
B02682,7:00:40 AM,2,5,5
B02682,7:20:51 AM,3,6,5
B02512,7:04:30 AM,2,1,1
B02617,7:48:06 AM,10,6,1
B02598,7:46:56 AM,2,7,5
B02764,7:00:09 AM,3,4,3
B02617,7:21:27 AM,9,4,3
B02682,7:48:03 AM,3,6,1
B02598,7:57:42 AM,1,1,3
B02617,7:45:52 AM,8,4,4
B02617,7:03:43 AM,7,4,4
B02682,7:03:54 AM,1,2,1
B02682,7:58:11 AM,1,4,1
B02598,7:55:41 AM,4,2,5
B02617,7:58:44 AM,5,3,5
B02617,7:01:04 AM,4,4,2
B02617,7:30:19 AM,2,6,5
B02682,7:27:06 AM,2,2,3
B02512,7:18:27 AM,3,1,2
B02764,7:06:54 AM,4,2,1
B02765,7:05:13 AM,3,5,1
B02617,7:05:17 AM,2,6,1
B02617,7:12:31 AM,5,1,1
B02598,7:01:44 AM,4,4,2
B02682,7:52:54 AM,4,2,4
B02512,7:43:10 AM,1,1,2
B02512,7:26:14 AM,6,3,5
B02682,7:36:48 AM,4,1,2
B02682,7:44:52 AM,2,5,5
B02682,7:39:08 AM,2,3,3
B02682,7:34:28 AM,1,2,3
B02512,7:36:55 AM,5,2,2
B02598,7:22:58 AM,1,5,2
B02765,7:29:51 AM,5,2,2
B02512,7:31:28 AM,5,1,4
B02764,7:39:30 AM,4,2,3
B02598,7:42:10 AM,4,3,5
B02617,7:59:31 AM,9,7,5
B02617,7:24:14 AM,3,7,3
B02512,7:55:39 AM,5,0,1
B02512,7:23:48 AM,1,3,4
B02617,7:34:23 AM,7,7,2
B02617,7:55:27 AM,7,8,2
B02598,7:24:17 AM,4,6,5
B02617,7:01:20 AM,3,1,5
B02682,7:58:44 AM,1,2,3
B02617,7:11:22 AM,4,5,5
B02617,7:10:04 AM,7,8,1
B02764,7:04:04 AM,5,4,4
B02765,7:08:42 AM,2,6,1
B02617,7:04:44 AM,4,3,4
B02764,7:34:50 AM,5,3,1
B02512,7:51:47 AM,2,1,5
B02682,7:23:31 AM,2,5,1
B02764,7:38:46 AM,1,1,3
B02617,7:40:22 AM,10,6,3
B02764,7:15:21 AM,4,2,4
B02617,7:05:26 AM,1,2,2
B02598,7:26:54 AM,2,4,4
B02765,7:45:46 AM,4,3,5
B02682,7:24:51 AM,3,4,1
B02617,7:44:55 AM,9,8,3
B02512,7:57:34 AM,3,1,4
B02617,7:59:32 AM,1,3,3
B02617,7:27:00 AM,4,1,3
B02682,7:01:07 AM,1,5,5
B02512,7:35:06 AM,3,1,4
B02512,7:43:05 AM,5,2,1
B02617,7:17:03 AM,7,6,2
B02512,7:20:15 AM,2,1,5
B02617,7:56:13 AM,3,4,3
B02512,7:07:23 AM,5,1,3
B02617,7:40:26 AM,3,4,3
B02512,7:43:54 AM,2,3,2
B02617,7:43:35 AM,1,5,2
B02617,7:12:22 AM,4,3,4
B02617,7:01:54 AM,10,4,4
B02764,7:59:09 AM,2,2,1
B02598,7:39:51 AM,1,6,1
B02598,7:21:12 AM,1,7,3
B02617,7:35:01 AM,1,4,1
B02682,7:17:39 AM,1,1,1
B02765,7:54:38 AM,3,6,4
B02682,7:13:55 AM,4,2,4
B02617,7:00:35 AM,6,1,1
B02598,7:01:56 AM,3,3,4
B02617,7:16:28 AM,9,3,3
B02617,7:03:00 AM,5,5,2
B02617,7:07:05 AM,4,4,2
B02764,7:40:27 AM,3,5,1
B02765,7:03:51 AM,4,1,3
B02512,7:30:05 AM,6,1,5
B02617,7:22:45 AM,10,6,3
B02617,7:40:52 AM,2,3,1
B02617,7:05:42 AM,9,4,5
B02598,7:03:34 AM,2,3,5
B02682,7:24:05 AM,2,4,2
B02682,7:29:33 AM,3,3,1
B02764,7:58:45 AM,4,1,5
B02617,7:15:36 AM,8,6,3
B02617,7:05:59 AM,9,5,3
B02764,7:39:17 AM,2,2,2
B02765,7:44:38 AM,3,5,3
B02682,7:45:04 AM,2,3,5
B02512,7:19:05 AM,4,0,5
B02617,7:29:06 AM,1,1,4
B02764,7:06:34 AM,1,3,2
B02598,7:44:08 AM,3,3,1
B02765,7:53:00 AM,1,4,4
B02512,7:01:55 AM,3,1,1
B02617,7:24:15 AM,2,8,3
B02764,7:03:03 AM,5,6,1
B02764,7:19:52 AM,4,2,4
B02617,7:50:13 AM,8,4,4
B02682,7:02:28 AM,4,6,2
B02598,7:09:12 AM,2,2,1
B02682,7:27:39 AM,3,1,4
B02512,7:12:32 AM,3,0,2
B02598,7:56:57 AM,4,2,4
B02682,7:55:52 AM,3,3,2
B02765,7:59:57 AM,1,1,3
B02512,7:47:27 AM,1,0,1
B02512,7:46:29 AM,4,3,1
B02617,7:49:53 AM,10,6,3
B02682,7:44:20 AM,3,3,1
B02764,7:27:20 AM,2,1,4
B02617,7:58:12 AM,10,6,5
B02617,7:06:18 AM,10,3,5
B02764,7:46:33 AM,5,3,3
B02764,7:24:09 AM,4,4,5
B02617,7:56:42 AM,4,5,5
B02617,7:48:57 AM,10,1,5
B02765,7:44:29 AM,4,3,3
B02764,7:28:09 AM,1,5,2
B02682,7:04:07 AM,1,3,4
B02617,7:09:19 AM,7,5,3
B02617,7:44:27 AM,5,2,1
B02765,7:07:20 AM,2,4,5
B02764,7:51:19 AM,4,2,3
B02512,7:23:12 AM,6,3,1
B02764,7:05:01 AM,2,5,4
B02617,7:30:25 AM,9,6,5
B02598,7:44:45 AM,3,3,1
B02765,7:48:21 AM,5,4,2
B02617,7:34:47 AM,9,6,1
B02682,7:11:35 AM,4,6,3
B02617,7:01:01 AM,1,8,5
B02512,7:02:15 AM,5,1,4
B02617,7:01:48 AM,4,2,2
B02617,7:51:34 AM,7,3,5
B02598,7:13:11 AM,3,3,3
B02617,7:07:10 AM,3,1,4
B02598,7:22:45 AM,3,6,5
B02682,7:16:05 AM,4,1,3
B02764,7:22:46 AM,1,3,5
B02617,7:05:57 AM,3,6,5
B02765,7:21:55 AM,2,5,3
B02764,7:33:47 AM,4,5,1
B02617,7:22:07 AM,4,2,3
B02512,7:36:40 AM,6,0,3
B02512,7:21:06 AM,5,0,5
B02512,7:40:42 AM,3,3,4
B02764,7:55:38 AM,4,3,5
B02512,7:30:45 AM,6,3,4
B02682,7:19:17 AM,3,4,4
B02512,7:03:28 AM,6,0,4
B02617,7:05:42 AM,4,5,5
B02617,7:18:08 AM,6,1,1
B02512,7:54:22 AM,2,2,2
B02764,7:54:09 AM,1,5,2
B02617,7:18:39 AM,9,1,3
B02598,7:20:55 AM,4,2,4
B02764,7:43:52 AM,2,1,3
B02682,7:10:05 AM,1,4,2
B02764,7:27:39 AM,3,1,3
B02598,7:07:03 AM,4,2,5
B02682,7:09:04 AM,4,1,1
B02598,7:17:38 AM,1,1,3
B02512,7:06:02 AM,6,0,1
B02512,7:26:19 AM,4,2,5
B02512,7:03:08 AM,4,3,5
B02512,7:47:13 AM,2,3,1
B02617,7:13:24 AM,7,8,4
B02617,7:04:39 AM,4,8,5
B02765,7:23:23 AM,2,2,3
B02512,7:38:44 AM,6,0,4
B02682,7:19:29 AM,3,6,4
B02682,7:46:08 AM,2,3,4
B02682,7:23:35 AM,3,6,5
B02682,7:41:17 AM,4,4,1
B02765,7:07:01 AM,6,3,5
B02617,7:59:46 AM,3,5,5
B02764,7:21:50 AM,4,5,5
B02764,7:59:13 AM,1,4,3
B02617,7:12:50 AM,2,2,3
B02617,7:19:08 AM,5,6,3
B02682,7:57:57 AM,4,2,3
B02764,7:44:54 AM,3,2,3
B02764,7:29:21 AM,2,6,5
B02765,7:19:00 AM,1,1,4
B02617,7:52:37 AM,8,8,5
B02617,7:57:05 AM,5,8,2
B02764,7:49:44 AM,2,5,3
B02765,7:07:01 AM,3,3,5
B02617,7:34:27 AM,2,8,4
B02512,7:27:20 AM,5,1,3
B02682,7:22:16 AM,4,5,4
B02598,7:38:42 AM,2,7,4
B02682,7:07:49 AM,1,4,5
B02512,7:23:42 AM,3,1,2
B02598,7:54:19 AM,3,6,3
B02617,7:36:27 AM,4,7,2
B02617,7:02:59 AM,3,6,4
B02598,7:01:39 AM,4,7,3
B02512,7:25:10 AM,3,1,2
B02617,7:51:52 AM,5,2,2
B02682,7:01:10 AM,3,1,2
B02765,7:16:05 AM,3,6,4
B02512,7:57:18 AM,3,3,5
B02682,7:27:14 AM,3,3,4
B02512,7:30:05 AM,3,0,1
B02764,7:40:36 AM,2,2,5
B02682,7:13:14 AM,1,3,4
B02682,7:14:47 AM,4,6,1
B02598,7:03:17 AM,2,2,3
B02764,7:15:06 AM,1,5,4
B02598,7:09:35 AM,1,3,2
B02764,7:40:44 AM,5,6,5
B02512,7:06:19 AM,6,0,1
B02617,7:06:20 AM,1,7,3
B02617,7:28:51 AM,9,2,3
B02682,7:50:57 AM,4,6,1
B02512,7:27:51 AM,4,2,3
B02682,7:43:14 AM,2,6,2
B02617,7:57:08 AM,3,4,2
B02682,7:18:37 AM,1,6,5
B02682,7:14:54 AM,2,2,2
B02682,7:14:47 AM,1,4,3
B02617,7:34:08 AM,6,2,5
B02512,7:19:34 AM,5,0,3
B02764,7:48:48 AM,5,3,2
B02617,7:58:19 AM,8,5,4
B02512,7:22:04 AM,4,1,4
B02598,7:14:18 AM,2,2,5
B02617,7:09:05 AM,7,5,3
B02764,7:02:32 AM,3,5,2
B02598,7:03:51 AM,2,5,3
B02512,7:35:20 AM,1,2,1
B02764,7:21:34 AM,1,3,5
B02682,7:02:22 AM,4,2,4
B02617,7:56:04 AM,4,6,1
B02617,7:14:04 AM,6,7,5
B02764,7:39:35 AM,3,6,4
B02764,7:54:52 AM,3,6,2
B02682,7:19:38 AM,1,6,5
B02682,7:41:51 AM,4,6,1
B02598,7:08:28 AM,4,3,1
B02682,7:14:01 AM,4,4,5
B02765,7:06:02 AM,4,6,1
B02617,7:59:14 AM,2,2,2
B02617,7:27:01 AM,4,6,2
B02617,7:13:50 AM,10,8,4
B02764,7:54:00 AM,4,5,2
B02617,7:41:25 AM,3,8,5
B02764,7:30:47 AM,2,3,2
B02617,7:22:01 AM,3,8,1
B02682,7:55:26 AM,2,5,2
B02682,7:27:22 AM,4,1,5
B02765,7:19:08 AM,3,1,4
B02764,7:45:16 AM,2,2,1
B02512,7:34:10 AM,2,2,1
B02617,7:04:40 AM,1,1,2
B02617,7:32:17 AM,6,7,4
B02617,7:08:09 AM,8,8,4
B02512,7:52:52 AM,2,0,4
B02765,7:18:33 AM,1,5,4
B02617,7:22:38 AM,6,8,1
B02682,7:18:07 AM,3,4,3
B02617,7:30:11 AM,2,5,5
B02617,7:52:55 AM,2,3,4
B02764,7:44:08 AM,4,1,5
B02598,7:36:36 AM,1,1,2
B02617,7:35:49 AM,1,6,5
B02512,7:01:55 AM,5,3,3
B02682,7:05:56 AM,1,6,4
B02617,7:09:48 AM,7,5,3
B02764,7:48:55 AM,4,2,5
B02617,7:36:33 AM,9,4,3
B02765,7:16:41 AM,6,3,2
B02682,7:39:42 AM,4,4,1
B02764,7:06:20 AM,2,2,3
B02682,7:10:18 AM,2,3,2
B02764,7:08:07 AM,3,4,1
B02598,7:33:38 AM,2,6,4
B02617,7:32:59 AM,5,6,3
B02682,7:07:11 AM,3,3,2
B02617,7:51:30 AM,5,2,3
B02617,7:07:57 AM,4,8,4
B02512,7:10:14 AM,3,3,4
B02764,7:26:10 AM,5,3,3
B02617,7:32:26 AM,10,7,2
B02617,7:02:33 AM,2,3,4
B02617,7:15:20 AM,1,4,1
B02617,7:42:18 AM,7,6,4
B02512,7:57:11 AM,6,1,1
B02682,7:08:18 AM,2,3,2
B02617,7:15:03 AM,1,6,4
B02617,7:28:15 AM,5,2,4
B02617,7:05:32 AM,1,1,3
B02598,7:21:01 AM,3,4,3
B02617,7:32:13 AM,2,2,5
B02598,7:45:58 AM,4,6,2
B02512,7:40:26 AM,4,3,3
B02764,7:45:55 AM,4,2,1
B02598,7:54:58 AM,1,2,5
B02682,7:51:06 AM,2,2,5
B02617,7:11:27 AM,2,6,1
B02764,7:41:00 AM,1,2,2
B02617,7:33:55 AM,3,4,4
B02617,7:35:52 AM,6,4,2
B02765,7:48:49 AM,5,5,2
B02617,7:19:36 AM,2,8,2
B02617,7:19:57 AM,7,6,3
B02765,7:44:47 AM,1,2,3
B02598,7:04:19 AM,3,1,2
B02617,7:27:06 AM,4,1,1
B02682,7:27:15 AM,3,4,3
B02512,7:48:02 AM,1,1,2
B02764,7:52:44 AM,1,1,3
B02512,7:20:25 AM,1,0,2
B02512,7:15:04 AM,2,0,1
B02512,7:27:31 AM,1,3,3
B02765,7:06:30 AM,3,2,3
B02765,7:59:31 AM,3,3,2
B02765,7:52:07 AM,2,3,2
B02598,7:17:35 AM,2,5,3
B02617,7:30:28 AM,10,7,5
B02512,7:20:59 AM,3,2,5
B02682,7:34:35 AM,1,3,5
B02617,7:47:26 AM,6,1,2
B02682,7:14:41 AM,2,1,1
B02617,7:12:38 AM,7,6,3
B02617,7:17:09 AM,1,7,1
B02765,7:35:41 AM,5,6,5
B02512,7:04:45 AM,5,1,5
B02682,7:44:48 AM,4,6,4
B02682,7:30:45 AM,3,3,3
B02765,7:15:00 AM,6,6,5
B02682,7:57:17 AM,1,4,4
B02682,7:50:53 AM,2,3,4
B02512,7:43:20 AM,1,0,5
B02682,7:07:41 AM,1,5,5
B02617,7:06:09 AM,2,5,2
B02765,7:34:25 AM,1,6,5
B02512,7:31:33 AM,5,1,1
B02617,7:52:59 AM,4,5,4
B02682,7:18:17 AM,2,4,1
B02764,7:30:38 AM,3,5,5
B02617,7:38:40 AM,1,2,1
B02512,7:14:04 AM,5,1,4
B02682,7:36:17 AM,1,1,4
B02512,7:55:09 AM,3,0,2
B02512,7:52:26 AM,3,3,5
B02512,7:07:09 AM,2,3,4
B02764,7:43:03 AM,2,5,2
B02682,7:27:19 AM,4,3,3
B02682,7:46:19 AM,1,6,4
B02682,7:18:30 AM,3,6,4
B02765,7:19:29 AM,6,2,1
B02682,7:09:18 AM,3,4,5
B02617,7:15:10 AM,10,8,3
B02512,7:15:43 AM,4,0,1
B02617,7:26:04 AM,5,3,3
B02764,7:59:39 AM,4,6,4
B02512,7:43:55 AM,1,1,3
B02617,7:02:14 AM,9,4,1
B02617,7:27:23 AM,5,7,3
B02764,7:09:01 AM,2,5,2
B02765,7:38:42 AM,2,3,2
B02512,7:45:27 AM,1,3,3
B02617,7:39:26 AM,1,8,3
B02764,7:36:18 AM,2,3,4
B02598,7:02:46 AM,1,3,5
B02764,7:38:42 AM,4,4,1
B02617,7:26:12 AM,10,3,2
B02598,7:16:09 AM,2,1,2
B02512,7:28:41 AM,1,0,2
B02617,7:34:29 AM,4,4,3
B02512,7:11:43 AM,4,0,3
B02617,7:12:18 AM,5,5,1
B02682,7:40:25 AM,3,3,2
B02598,7:54:11 AM,4,2,5
B02512,7:53:36 AM,3,1,2
B02764,7:37:13 AM,2,4,4
B02598,7:26:27 AM,1,2,4
B02682,7:31:06 AM,4,5,3
B02617,7:32:34 AM,6,2,1
B02617,7:07:26 AM,6,1,2
B02512,7:11:47 AM,2,1,4
B02764,7:03:57 AM,3,3,4
B02512,7:16:31 AM,2,0,5
B02617,7:15:28 AM,9,8,2
B02598,7:00:34 AM,1,1,3
B02765,7:13:29 AM,6,5,2
B02512,7:44:54 AM,2,1,5
B02764,7:02:29 AM,1,4,1
B02617,7:50:27 AM,7,8,5
B02617,7:41:53 AM,1,6,2
B02512,7:08:14 AM,4,3,5
B02682,7:59:42 AM,1,3,2
B02617,7:57:18 AM,2,6,1
B02617,7:34:08 AM,7,6,4
B02598,7:01:13 AM,1,1,4
B02682,7:27:54 AM,1,6,3
B02512,7:49:47 AM,1,1,1
B02764,7:02:08 AM,2,6,2
B02764,7:33:52 AM,2,1,5
B02617,7:57:30 AM,5,8,3
B02512,7:27:37 AM,5,2,2
B02617,7:56:34 AM,2,7,4
B02764,7:31:34 AM,1,6,3
B02598,7:43:14 AM,4,2,5
B02617,7:11:49 AM,7,8,4
B02512,7:33:43 AM,4,3,1
B02617,7:50:10 AM,9,8,4
B02617,7:04:40 AM,9,8,5
B02765,7:21:38 AM,4,1,5
B02682,7:13:29 AM,1,6,1
B02682,7:04:26 AM,4,3,4
B02764,7:58:26 AM,2,1,3
B02598,7:59:54 AM,4,3,2
B02598,7:02:31 AM,3,3,5
B02765,7:19:59 AM,4,1,5
B02617,7:29:00 AM,5,6,5
B02764,7:05:16 AM,2,1,2
B02764,7:15:33 AM,3,1,3
B02765,7:45:08 AM,4,4,1
B02617,7:27:14 AM,10,4,3
B02765,7:57:55 AM,5,6,2
B02617,7:31:10 AM,3,8,4
B02764,7:49:29 AM,1,4,3
B02764,7:42:12 AM,3,6,4
B02682,7:19:11 AM,4,2,4
B02512,7:12:35 AM,5,2,5
B02765,7:01:43 AM,2,4,2
B02512,7:23:16 AM,1,3,5
B02764,7:48:04 AM,1,2,4
B02764,7:43:20 AM,3,4,1
B02512,7:50:05 AM,6,3,3
B02512,7:05:00 AM,4,3,2
B02512,7:50:38 AM,6,1,5
B02512,7:21:08 AM,1,1,1
B02682,7:34:48 AM,4,5,5
B02765,7:36:02 AM,5,4,1
B02765,7:51:37 AM,2,1,2
B02682,7:01:29 AM,4,4,2
B02512,7:07:42 AM,4,1,3
B02617,7:50:09 AM,7,6,3
B02617,7:59:48 AM,7,6,2
B02764,7:38:11 AM,2,3,4
B02512,7:10:19 AM,6,0,3
B02617,7:35:29 AM,4,4,2
B02682,7:55:10 AM,1,1,3
B02682,7:54:51 AM,3,4,3
B02682,7:34:03 AM,3,4,2
B02617,7:47:02 AM,4,3,1
B02682,7:30:59 AM,4,5,5
B02512,7:27:18 AM,3,2,4
B02512,7:14:33 AM,2,0,2
B02617,7:21:12 AM,3,8,5
B02617,7:03:32 AM,10,1,4
B02764,7:05:03 AM,4,4,2
B02617,7:37:01 AM,4,6,5
B02764,7:31:12 AM,1,4,2
B02682,7:56:39 AM,4,4,5
B02598,7:27:31 AM,3,4,3
B02682,7:19:34 AM,4,1,2
B02682,7:39:30 AM,2,3,1
B02617,7:52:36 AM,6,7,3
B02765,7:36:04 AM,2,6,5
B02512,7:13:25 AM,4,2,4
B02512,7:08:16 AM,5,2,4
B02617,7:04:44 AM,8,8,4
B02617,7:30:42 AM,5,8,2
B02617,7:36:40 AM,10,7,1
B02512,7:46:18 AM,5,2,2
B02617,7:56:34 AM,9,5,1
B02617,7:50:56 AM,4,2,5
B02598,7:16:59 AM,2,5,3
B02765,7:02:07 AM,3,2,5
B02682,7:41:35 AM,4,1,3
B02598,7:01:30 AM,2,1,5
B02512,7:41:37 AM,2,0,4
B02682,7:04:50 AM,2,3,5
B02617,7:57:44 AM,8,7,4
B02682,7:59:54 AM,2,5,3
B02512,7:53:56 AM,3,3,1
B02617,7:48:27 AM,2,6,2
B02764,7:12:56 AM,4,6,5
B02764,7:31:21 AM,1,3,1
B02764,7:48:46 AM,4,5,1
B02512,7:34:43 AM,1,3,5
B02512,7:44:57 AM,1,1,3
B02764,7:10:57 AM,5,2,3
B02682,7:46:52 AM,2,3,2
B02682,7:55:54 AM,3,2,1
B02617,7:14:52 AM,7,7,1
B02617,7:45:40 AM,6,7,1
B02765,7:04:29 AM,5,1,2
B02512,7:00:00 AM,3,3,5
B02682,7:27:44 AM,1,2,3
B02617,7:14:56 AM,3,6,2
B02617,7:54:38 AM,3,2,5
B02764,7:45:27 AM,5,4,5
B02617,7:59:30 AM,7,2,1
B02512,7:26:39 AM,1,3,1
B02617,7:30:21 AM,9,5,2
B02764,7:43:52 AM,5,6,4
B02617,7:44:01 AM,10,4,1
B02512,7:22:58 AM,4,2,3
B02764,7:54:28 AM,5,6,3
B02617,7:03:02 AM,4,1,3
B02764,7:38:49 AM,3,3,5
B02764,7:12:43 AM,3,2,5
B02764,7:18:31 AM,1,5,5
B02617,7:56:15 AM,2,8,1
B02765,7:16:09 AM,6,1,5
B02682,7:12:18 AM,3,6,1
B02764,7:11:39 AM,3,1,5
B02682,7:59:25 AM,1,3,4
B02764,7:13:40 AM,1,3,5
B02764,7:18:22 AM,3,2,2
B02682,7:56:29 AM,1,6,2
B02512,7:25:57 AM,3,0,3
B02682,7:54:41 AM,4,5,1
B02617,7:49:32 AM,3,3,4
B02764,7:50:00 AM,3,1,4
B02682,7:18:53 AM,1,6,3
B02512,7:27:23 AM,3,2,4
B02617,7:43:06 AM,3,4,5
B02764,7:15:26 AM,4,6,2
B02764,7:17:30 AM,3,3,2
B02765,7:01:08 AM,3,2,3
B02764,7:55:34 AM,5,4,2
B02682,7:15:23 AM,2,5,1
B02682,7:14:44 AM,2,5,5
B02617,7:03:36 AM,4,8,4
B02764,7:35:14 AM,2,2,2
B02598,7:36:46 AM,4,5,5
B02764,7:48:42 AM,2,6,3
B02512,7:46:43 AM,1,3,4
B02598,7:59:16 AM,3,2,2
B02617,7:27:23 AM,4,3,3
B02764,7:55:06 AM,2,6,1
B02682,7:28:35 AM,3,5,2
B02617,7:52:53 AM,5,3,2
B02764,7:17:59 AM,5,6,4
B02598,7:38:45 AM,1,4,5
B02512,7:15:16 AM,2,1,2
B02598,7:57:23 AM,4,6,4
B02764,7:02:13 AM,1,3,1
B02764,7:44:57 AM,5,3,2
B02598,7:40:40 AM,4,4,2
B02617,7:40:52 AM,9,3,1
B02682,7:02:51 AM,3,6,2
B02682,7:09:57 AM,2,5,1
B02512,7:14:19 AM,4,0,2
B02764,7:20:26 AM,2,2,3
B02617,7:12:10 AM,4,5,3
B02764,7:18:50 AM,1,4,1
B02617,7:12:10 AM,3,6,1
B02598,7:48:58 AM,2,2,3
B02682,7:58:43 AM,4,5,5
B02682,7:01:53 AM,3,3,1
B02765,7:55:16 AM,3,6,3
B02617,7:06:04 AM,1,6,3
B02682,7:13:49 AM,4,3,3
B02765,7:23:02 AM,5,4,5
B02617,7:53:56 AM,5,3,3
B02617,7:21:30 AM,1,2,5
B02765,7:53:17 AM,6,2,5
B02598,7:21:32 AM,4,6,1
B02764,7:54:17 AM,4,1,3
B02598,7:53:44 AM,1,3,1
B02512,7:24:49 AM,6,3,1
B02512,7:47:48 AM,3,2,1
B02764,7:41:04 AM,4,4,5
B02617,7:12:56 AM,8,1,1
B02765,7:35:52 AM,1,6,1
B02765,7:54:44 AM,5,1,1
B02512,7:27:11 AM,4,2,3
B02617,7:36:01 AM,2,1,2
B02764,7:08:31 AM,5,6,3
B02682,7:13:07 AM,1,1,5
B02617,7:10:54 AM,1,6,1
B02617,7:23:13 AM,2,8,4
B02765,7:17:33 AM,6,4,2
B02617,7:36:09 AM,3,5,3
B02617,7:52:24 AM,1,6,5
B02617,7:50:39 AM,1,7,4
B02682,7:58:51 AM,2,5,1
B02682,7:12:05 AM,3,3,1
B02765,7:52:09 AM,1,2,4
B02617,7:07:40 AM,4,5,3
B02617,7:08:27 AM,6,8,5
B02617,7:09:18 AM,7,6,5
B02682,7:55:38 AM,1,2,5
B02682,7:52:07 AM,2,2,5
B02512,7:20:55 AM,2,0,2
B02617,7:15:01 AM,8,3,3
B02617,7:45:34 AM,9,6,5
B02682,7:06:22 AM,4,1,1
B02598,7:50:08 AM,3,6,4
B02617,7:28:32 AM,6,2,1
B02598,7:09:57 AM,4,1,4
B02764,7:39:34 AM,5,3,2
B02764,7:47:03 AM,5,2,4
B02764,7:45:08 AM,1,3,5
B02682,7:18:27 AM,2,4,4
B02765,7:46:30 AM,5,4,4
B02598,7:10:12 AM,3,1,1
B02682,7:07:27 AM,3,6,5
B02512,7:17:17 AM,4,2,4
B02764,7:11:29 AM,4,2,2
B02617,7:43:15 AM,9,4,4
B02617,7:21:22 AM,1,5,5
B02512,7:32:16 AM,2,1,3
B02682,7:22:55 AM,3,4,1
B02512,7:34:40 AM,2,0,1
B02682,7:33:23 AM,2,5,1
B02764,7:42:43 AM,3,1,3
B02598,7:31:00 AM,2,1,1
B02617,7:35:35 AM,5,5,1
B02598,7:56:51 AM,2,2,5
B02617,7:59:18 AM,5,5,4
B02682,7:55:39 AM,3,4,2
B02598,7:52:02 AM,3,3,3
B02512,7:56:59 AM,6,2,2
B02617,7:54:16 AM,2,5,5
B02617,7:04:47 AM,4,8,4
B02617,7:05:10 AM,6,3,5
B02512,7:42:15 AM,1,3,2
B02765,7:33:26 AM,1,1,1
B02682,7:47:50 AM,2,2,1
B02682,7:58:26 AM,2,6,3
B02512,7:04:33 AM,5,3,5
B02765,7:46:56 AM,4,4,5
B02598,7:14:05 AM,3,1,5
B02764,7:25:41 AM,4,1,2
B02682,7:43:52 AM,2,5,3
B02764,7:55:59 AM,1,6,4
B02764,7:59:43 AM,5,6,2
B02617,7:33:34 AM,5,8,5
B02512,7:29:28 AM,1,3,3
B02765,7:12:12 AM,1,4,3
B02764,7:19:39 AM,3,2,4
B02598,7:47:14 AM,2,5,2
B02512,7:17:36 AM,3,1,4
B02764,7:00:24 AM,2,3,1
B02764,7:27:42 AM,4,3,2
B02682,7:26:56 AM,4,4,5
B02682,7:45:15 AM,1,1,3
B02617,7:33:45 AM,3,4,3
B02617,7:56:07 AM,1,8,1
B02617,7:50:33 AM,1,2,2
B02512,7:34:07 AM,5,2,2
B02682,7:21:53 AM,4,3,3
B02682,7:20:15 AM,1,6,2
B02764,7:26:06 AM,1,5,4
B02765,7:02:54 AM,2,5,5
B02682,7:24:31 AM,1,3,2
B02598,7:21:44 AM,3,2,5
B02512,7:15:23 AM,5,3,5
B02682,7:26:31 AM,1,3,1
B02617,7:33:29 AM,4,3,1
B02764,7:39:08 AM,2,6,3
B02682,7:00:03 AM,4,1,3
B02617,7:43:54 AM,7,7,5
B02765,7:16:33 AM,6,3,3
B02598,7:03:55 AM,2,6,5
B02617,7:50:25 AM,4,8,1
B02617,7:24:46 AM,4,2,1
B02764,7:58:11 AM,3,2,5
B02764,7:00:25 AM,1,2,2
B02512,7:28:24 AM,5,2,4
B02512,7:58:18 AM,5,3,2
B02512,7:56:46 AM,6,0,1
B02512,7:20:26 AM,1,1,5
B02682,7:17:15 AM,4,3,5
B02682,7:13:09 AM,2,5,3
B02617,7:35:09 AM,2,2,3
B02617,7:19:43 AM,6,3,5
B02617,7:11:25 AM,1,5,1
B02617,7:56:55 AM,8,4,3
B02512,7:03:39 AM,1,0,4
B02617,7:06:44 AM,1,8,2
B02764,7:42:19 AM,1,2,3
B02682,7:15:18 AM,3,3,1
B02617,7:51:37 AM,1,7,3
B02598,7:08:08 AM,1,1,2
B02682,7:02:39 AM,4,2,5
B02682,7:40:06 AM,2,1,1
B02512,7:32:57 AM,6,3,2
B02765,7:45:09 AM,4,5,5
B02598,7:01:48 AM,3,1,5
B02682,7:37:59 AM,1,6,1
B02617,7:29:50 AM,3,7,3
B02617,7:13:13 AM,2,6,5
B02682,7:19:40 AM,1,5,3
B02682,7:10:41 AM,2,6,1
B02764,7:19:56 AM,2,5,1
B02617,7:43:45 AM,8,4,4
B02512,7:16:24 AM,3,1,3
B02764,7:48:27 AM,2,1,3
B02764,7:51:14 AM,3,1,3
B02617,7:53:57 AM,10,7,2
B02617,7:18:30 AM,9,3,5
B02682,7:04:03 AM,3,6,4
B02764,7:25:18 AM,2,3,5
B02617,7:40:18 AM,4,6,2
B02682,7:48:04 AM,3,2,4
B02682,7:00:57 AM,2,5,3
B02598,7:01:37 AM,3,6,1
B02617,7:31:03 AM,3,8,3
B02617,7:14:34 AM,1,5,5
B02682,7:47:28 AM,1,5,2
B02598,7:34:20 AM,2,2,1
B02617,7:09:04 AM,2,7,4
B02764,7:55:34 AM,2,2,3
B02764,7:15:11 AM,5,2,1
B02598,7:40:16 AM,3,5,2
B02682,7:12:25 AM,1,4,3
B02598,7:48:46 AM,3,6,1
B02512,7:22:33 AM,3,0,4
B02617,7:39:12 AM,5,4,5
B02682,7:11:56 AM,1,5,4
B02512,7:10:56 AM,4,2,5
B02617,7:49:35 AM,2,6,3
B02765,7:05:39 AM,2,1,5
B02617,7:17:19 AM,2,6,4
B02682,7:40:26 AM,1,2,2
B02764,7:17:44 AM,4,3,3
B02512,7:47:20 AM,4,3,5
B02764,7:57:17 AM,3,6,1
B02617,7:44:22 AM,3,6,2
B02512,7:23:26 AM,3,1,5
B02764,7:27:58 AM,4,2,1
